1,1.00,UNID,10.00,2025-02-27 14:29:05.72,2025-02-27 14:29:05.72,,12,1
2,1.00,LITRO,4.40,2025-02-27 14:29:05.72,2025-02-27 14:29:05.72,,2,1
3,2.00,UNID,2.40,2025-02-27 14:29:05.72,2025-02-27 14:29:05.72,,13,1
4,3.00,LITRO,6.99,2025-02-27 14:29:05.72,2025-02-27 14:29:05.72,,1,2
5,2.00,LITRO,7.08,2025-02-27 14:29:05.72,2025-02-27 14:29:05.72,,4,2
6,1.00,LITRO,6.99,2025-02-27 14:29:05.72,2025-02-27 14:29:05.72,,1,3
7,0.50,LITRO,7.08,2025-02-27 14:29:05.72,2025-02-27 14:29:05.72,,4,3
8,1.00,UNID,10.00,2025-02-27 14:29:05.72,2025-02-27 14:29:05.72,,12,4
9,1.00,UNID,10.00,2025-02-27 14:29:05.72,2025-02-27 14:29:05.72,,12,5
11,1.00,LITRO,7.08,2025-02-27 14:29:05.72,2025-02-27 14:29:05.72,,3,5
12,2.50,KG,31.44,2025-02-27 14:29:05.72,2025-02-27 14:29:05.72,,15,5
13,1.00,UNID,10.00,2025-02-27 14:29:05.72,2025-02-27 14:29:05.72,,12,6
14,1.00,LITRO,6.99,2025-02-27 14:29:05.72,2025-02-27 14:29:05.72,,1,7
15,0.50,LITRO,7.08,2025-02-27 14:29:05.72,2025-02-27 14:29:05.72,,4,7
16,2.00,UNID,2.40,2025-02-27 14:29:05.72,2025-02-27 14:29:05.72,,13,8
17,3.00,LITRO,6.99,2025-02-27 14:29:05.72,2025-02-27 14:29:05.72,,1,9
18,2.00,LITRO,7.08,2025-02-27 14:29:05.72,2025-02-27 14:29:05.72,,4,9
19,3.00,LITRO,6.99,2025-02-27 14:29:05.72,2025-02-27 14:29:05.72,,1,10
20,2.00,LITRO,7.08,2025-02-27 14:29:05.72,2025-02-27 14:29:05.72,,4,10
21,1.00,LITRO,6.99,2025-02-27 14:29:05.72,2025-02-27 14:29:05.72,,1,11
22,5.00,LITRO,10.00,2025-02-27 14:29:05.72,2025-02-27 14:29:05.72,,19,11
23,2.50,KG,30.46,2025-02-27 14:29:05.72,2025-02-27 14:29:05.72,,18,11
24,2.00,UNID,2.40,2025-02-27 14:29:05.72,2025-02-27 14:29:05.72,,13,11
25,2.00,LITRO,10.00,2025-02-27 14:29:05.72,2025-02-27 14:29:05.72,,19,12
26,1.00,LITRO,7.08,2025-02-27 14:29:05.72,2025-02-27 14:29:05.72,,3,12
27,1.00,LITRO,6.99,2025-02-27 14:29:05.72,2025-02-27 14:29:05.72,,1,12
30,4.00,UNID,2.40,2025-02-27 14:29:05.72,2025-02-27 14:29:05.72,,13,12
29,5.00,KG,31.44,2025-02-27 14:29:05.72,2025-02-27 14:29:05.72,,17,12
28,10.00,KG,31.44,2025-02-27 14:29:05.72,2025-02-27 14:29:05.72,,15,12
31,1.00,LITRO,6.99,2025-02-27 14:29:05.72,2025-02-27 14:29:05.72,,1,13
32,0.50,LITRO,7.08,2025-02-27 14:29:05.72,2025-02-27 14:29:05.72,,4,13
33,5.00,KG,31.44,2025-02-27 14:29:05.72,2025-02-27 14:29:05.72,,15,14
34,2.50,KG,30.46,2025-02-27 14:29:05.72,2025-02-27 14:29:05.72,,18,14
35,3.00,UNID,2.40,2025-02-27 14:29:05.72,2025-02-27 14:29:05.72,,13,14
36,3.00,LITRO,6.99,2025-02-27 14:29:05.72,2025-02-27 14:29:05.72,,1,15
37,2.00,LITRO,7.08,2025-02-27 14:29:05.72,2025-02-27 14:29:05.72,,4,15
10,3.00,UNID,2.40,2025-02-27 14:29:05.72,2025-02-27 14:29:05.72,,13,5
38,3.00,LITRO,6.99,2025-02-27 14:29:05.72,2025-02-27 14:29:05.72,,1,16
39,2.00,LITRO,7.08,2025-02-27 14:29:05.72,2025-02-27 14:29:05.72,,4,16
40,1.00,LITRO,6.99,2025-02-27 14:29:05.72,2025-02-27 14:29:05.72,,1,17
41,0.50,LITRO,7.08,2025-02-27 14:29:05.72,2025-02-27 14:29:05.72,,4,17
42,1.00,UNID,20.00,2025-02-27 14:29:05.72,2025-02-27 14:29:05.72,,20,18
43,1.00,LITRO,6.99,2025-02-27 14:29:05.72,2025-02-27 14:29:05.72,,1,19
44,0.50,LITRO,7.08,2025-02-27 14:29:05.72,2025-02-27 14:29:05.72,,4,19
45,1.00,LITRO,7.08,2025-02-27 14:29:05.72,2025-02-27 14:29:05.72,,3,20
46,3.00,LITRO,6.99,2025-02-27 14:29:05.72,2025-02-27 14:29:05.72,,1,21
47,2.00,LITRO,7.08,2025-02-27 14:29:05.72,2025-02-27 14:29:05.72,,4,21
48,3.00,LITRO,6.99,2025-02-27 14:29:05.72,2025-02-27 14:29:05.72,,1,22
49,2.00,LITRO,7.08,2025-02-27 14:29:05.72,2025-02-27 14:29:05.72,,4,22
50,1.00,LITRO,4.40,2025-02-27 14:29:05.72,2025-02-27 14:29:05.72,,2,23
51,0.60,LITRO,4.40,2025-02-27 14:29:05.72,2025-02-27 14:29:05.72,,2,24
52,1.00,LITRO,7.08,2025-02-27 14:29:05.72,2025-02-27 14:29:05.72,,3,24
53,4.00,UNID,2.40,2025-02-27 14:29:05.72,2025-02-27 14:29:05.72,,13,24
54,5.00,KG,30.46,2025-02-27 14:29:05.72,2025-02-27 14:29:05.72,,18,24
55,1.00,LITRO,4.40,2025-02-27 14:29:05.72,2025-02-27 14:29:05.72,,2,25
56,13.03,KG,27.00,2025-02-27 14:29:05.72,2025-02-27 14:29:05.72,,21,26
57,3.00,LITRO,6.99,2025-02-27 14:29:05.72,2025-02-27 14:29:05.72,,1,27
58,2.00,LITRO,7.08,2025-02-27 14:29:05.72,2025-02-27 14:29:05.72,,4,27
59,3.00,LITRO,6.99,2025-02-27 14:29:05.72,2025-02-27 14:29:05.72,,1,28
60,2.00,LITRO,7.08,2025-02-27 14:29:05.72,2025-02-27 14:29:05.72,,4,28
61,13.00,KG,27.00,2025-02-27 14:29:05.72,2025-02-27 14:29:05.72,,21,29
62,1.00,LITRO,4.40,2025-02-27 14:29:05.72,2025-02-27 14:29:05.72,,2,30
63,1.00,LITRO,6.99,2025-02-27 14:29:05.72,2025-02-27 14:29:05.72,,1,30
64,5.00,KG,30.46,2025-02-27 14:29:05.72,2025-02-27 14:29:05.72,,18,30
65,2.50,KG,31.44,2025-02-27 14:29:05.72,2025-02-27 14:29:05.72,,15,30
66,2.00,UNID,2.40,2025-02-27 14:29:05.72,2025-02-27 14:29:05.72,,13,30
67,1.00,UNID,16.00,2025-02-27 14:29:05.72,2025-02-27 14:29:05.72,,10,31
68,3.00,LITRO,6.99,2025-02-27 14:29:05.72,2025-02-27 14:29:05.72,,1,32
69,2.00,LITRO,7.08,2025-02-27 14:29:05.72,2025-02-27 14:29:05.72,,4,32
70,1.00,LITRO,6.99,2025-02-27 14:29:05.72,2025-02-27 14:29:05.72,,1,33
71,5.00,KG,30.46,2025-02-27 14:29:05.72,2025-02-27 14:29:05.72,,18,33
72,4.00,UNID,2.40,2025-02-27 14:29:05.72,2025-02-27 14:29:05.72,,13,33
73,9.00,LITRO,6.99,2025-02-27 14:29:05.72,2025-02-27 14:29:05.72,,1,34
74,6.00,LITRO,7.08,2025-02-27 14:29:05.72,2025-02-27 14:29:05.72,,4,34
75,1.00,LITRO,7.08,2025-02-27 14:29:05.72,2025-02-27 14:29:05.72,,3,35
76,2.00,UNID,2.40,2025-02-27 14:29:05.72,2025-02-27 14:29:05.72,,13,35
77,1.00,LITRO,6.99,2025-02-27 14:29:05.72,2025-02-27 14:29:05.72,,1,35
78,1.00,KG,26.90,2025-02-27 14:29:05.72,2025-02-27 14:29:05.72,,6,35
79,2.50,KG,31.44,2025-02-27 14:29:05.72,2025-02-27 14:29:05.72,,15,35
80,2.50,KG,31.44,2025-02-27 14:29:05.72,2025-02-27 14:29:05.72,,16,35
81,2.50,KG,30.46,2025-02-27 14:29:05.72,2025-02-27 14:29:05.72,,18,35
82,2.50,KG,31.44,2025-02-27 14:29:05.72,2025-02-27 14:29:05.72,,17,35
83,1.00,LITRO,7.08,2025-02-27 14:29:05.72,2025-02-27 14:29:05.72,,3,36
84,2.00,LITRO,10.00,2025-02-27 14:29:05.72,2025-02-27 14:29:05.72,,19,36
85,4.00,UNID,2.40,2025-02-27 14:29:05.72,2025-02-27 14:29:05.72,,13,36
86,1.00,LITRO,6.99,2025-02-27 14:29:05.72,2025-02-27 14:29:05.72,,1,37
87,0.50,LITRO,7.08,2025-02-27 14:29:05.72,2025-02-27 14:29:05.72,,4,37
88,5.00,LITRO,10.00,2025-02-27 14:29:05.72,2025-02-27 14:29:05.72,,19,38
89,3.00,LITRO,6.99,2025-02-27 14:29:05.72,2025-02-27 14:29:05.72,,1,39
90,2.00,LITRO,7.08,2025-02-27 14:29:05.72,2025-02-27 14:29:05.72,,4,39
91,1.00,LITRO,6.99,2025-02-27 14:29:05.72,2025-02-27 14:29:05.72,,1,40
92,0.50,LITRO,7.08,2025-02-27 14:29:05.72,2025-02-27 14:29:05.72,,4,40
93,2.50,KG,31.44,2025-02-27 14:29:05.72,2025-02-27 14:29:05.72,,15,41
94,1.00,LITRO,10.60,2025-02-27 14:29:05.72,2025-02-27 14:29:05.72,,5,41
95,2.50,KG,30.46,2025-02-27 14:29:05.72,2025-02-27 14:29:05.72,,18,42
96,1.00,LITRO,6.99,2025-02-27 14:29:05.72,2025-02-27 14:29:05.72,,1,43
97,0.50,LITRO,7.08,2025-02-27 14:29:05.72,2025-02-27 14:29:05.72,,4,43
98,1.00,LITRO,7.08,2025-02-27 14:29:05.72,2025-02-27 14:29:05.72,,3,44
99,3.00,LITRO,6.99,2025-02-27 14:29:05.72,2025-02-27 14:29:05.72,,1,45
100,2.00,LITRO,7.08,2025-02-27 14:29:05.72,2025-02-27 14:29:05.72,,4,45
101,3.00,LITRO,6.99,2025-02-27 14:29:05.72,2025-02-27 14:29:05.72,,1,46
102,2.00,LITRO,7.08,2025-02-27 14:29:05.72,2025-02-27 14:29:05.72,,4,46
103,2.00,LITRO,6.99,2025-02-27 14:29:05.72,2025-02-27 14:29:05.72,,1,47
104,2.00,UNID,2.40,2025-02-27 14:29:05.72,2025-02-27 14:29:05.72,,13,47
105,20.00,KG,44.08,2025-02-27 14:29:05.72,2025-02-27 14:29:05.72,,7,48
106,1.00,LITRO,7.08,2025-02-27 14:29:05.72,2025-02-27 14:29:05.72,,3,49
107,5.00,KG,30.46,2025-02-27 14:29:05.72,2025-02-27 14:29:05.72,,18,49
108,4.00,UNID,2.40,2025-02-27 14:29:05.72,2025-02-27 14:29:05.72,,13,49
109,1.00,UNID,10.00,2025-02-27 14:29:05.72,2025-02-27 14:29:05.72,,12,50
110,1.00,LITRO,4.40,2025-02-27 14:29:05.72,2025-02-27 14:29:05.72,,2,47
111,3.00,LITRO,6.99,2025-02-27 14:29:05.72,2025-02-27 14:29:05.72,,1,51
112,2.00,LITRO,7.08,2025-02-27 14:29:05.72,2025-02-27 14:29:05.72,,4,51
113,5.00,LITRO,10.00,2025-02-27 14:29:05.72,2025-02-27 14:29:05.72,,19,52
114,5.00,KG,30.46,2025-02-27 14:29:05.72,2025-02-27 14:29:05.72,,18,53
115,2.00,UNID,2.40,2025-02-27 14:29:05.72,2025-02-27 14:29:05.72,,13,53
116,3.00,LITRO,6.99,2025-02-27 14:29:05.72,2025-02-27 14:29:05.72,,1,54
117,2.00,LITRO,7.08,2025-02-27 14:29:05.72,2025-02-27 14:29:05.72,,4,54
118,1.00,LITRO,6.99,2025-02-27 14:29:05.72,2025-02-27 14:29:05.72,,1,55
119,0.50,LITRO,7.08,2025-02-27 14:29:05.72,2025-02-27 14:29:05.72,,4,55
120,2.50,KG,31.44,2025-02-27 14:29:05.72,2025-02-27 14:29:05.72,,16,56
121,5.00,KG,31.44,2025-02-27 14:29:05.72,2025-02-27 14:29:05.72,,16,57
122,5.00,KG,31.44,2025-02-27 14:29:05.72,2025-02-27 14:29:05.72,,15,57
123,5.00,KG,31.44,2025-02-27 14:29:05.72,2025-02-27 14:29:05.72,,17,57
124,1.00,LITRO,7.08,2025-02-27 14:29:05.72,2025-02-27 14:29:05.72,,3,57
125,0.60,LITRO,4.40,2025-02-27 14:29:05.72,2025-02-27 14:29:05.72,,2,57
126,1.00,LITRO,6.99,2025-02-27 14:29:05.72,2025-02-27 14:29:05.72,,1,58
127,1.00,LITRO,7.08,2025-02-27 14:29:05.72,2025-02-27 14:29:05.72,,3,58
128,2.50,KG,31.44,2025-02-27 14:29:05.72,2025-02-27 14:29:05.72,,15,58
129,2.50,KG,31.44,2025-02-27 14:29:05.72,2025-02-27 14:29:05.72,,17,58
130,2.50,KG,31.44,2025-02-27 14:29:05.72,2025-02-27 14:29:05.72,,16,58
131,2.50,KG,30.46,2025-02-27 14:29:05.72,2025-02-27 14:29:05.72,,18,58
132,1.00,LITRO,6.99,2025-02-27 14:29:05.72,2025-02-27 14:29:05.72,,1,59
133,0.50,LITRO,7.08,2025-02-27 14:29:05.72,2025-02-27 14:29:05.72,,4,59
134,2.00,LITRO,10.00,2025-02-27 14:29:05.72,2025-02-27 14:29:05.72,,19,60
135,1.00,LITRO,7.08,2025-02-27 14:29:05.72,2025-02-27 14:29:05.72,,3,60
136,2.50,KG,31.44,2025-02-27 14:29:05.72,2025-02-27 14:29:05.72,,17,60
137,2.50,KG,31.44,2025-02-27 14:29:05.72,2025-02-27 14:29:05.72,,16,60
138,2.50,KG,31.44,2025-02-27 14:29:05.72,2025-02-27 14:29:05.72,,15,60
139,1.00,KG,26.90,2025-02-27 14:29:05.72,2025-02-27 14:29:05.72,,6,60
140,1.00,LITRO,10.60,2025-02-27 14:29:05.72,2025-02-27 14:29:05.72,,5,61
141,2.00,KG,187.17,2025-02-27 14:29:05.72,2025-02-27 14:29:05.72,,29,61
142,2.00,KG,117.32,2025-02-27 14:29:05.72,2025-02-27 14:29:05.72,,28,61
143,2.00,KG,97.02,2025-02-27 14:29:05.72,2025-02-27 14:29:05.72,,26,61
144,1.00,UNID,2.40,2025-02-27 14:29:05.72,2025-02-27 14:29:05.72,,13,61
145,3.00,LITRO,6.99,2025-02-27 14:29:05.72,2025-02-27 14:29:05.72,,1,62
146,2.00,LITRO,7.08,2025-02-27 14:29:05.72,2025-02-27 14:29:05.72,,4,62
147,2.00,LITRO,10.00,2025-02-27 14:29:05.72,2025-02-27 14:29:05.72,,19,63
148,1.00,LITRO,6.99,2025-02-27 14:29:05.72,2025-02-27 14:29:05.72,,1,63
149,1.00,UNID,2.40,2025-02-27 14:29:05.72,2025-02-27 14:29:05.72,,13,63
150,2.00,KG,117.32,2025-02-27 14:29:05.72,2025-02-27 14:29:05.72,,28,63
151,3.00,LITRO,6.99,2025-02-27 14:29:05.72,2025-02-27 14:29:05.72,,1,64
152,2.00,LITRO,7.08,2025-02-27 14:29:05.72,2025-02-27 14:29:05.72,,4,64
153,1.00,LITRO,10.60,2025-02-27 14:29:05.72,2025-02-27 14:29:05.72,,5,65
154,1.00,LITRO,7.08,2025-02-27 14:29:05.72,2025-02-27 14:29:05.72,,3,65
155,3.00,LITRO,6.99,2025-02-27 14:29:05.72,2025-02-27 14:29:05.72,,1,66
156,2.00,LITRO,7.08,2025-02-27 14:29:05.72,2025-02-27 14:29:05.72,,4,66
157,3.00,LITRO,6.99,2025-02-27 14:29:05.72,2025-02-27 14:29:05.72,,1,67
158,2.00,LITRO,7.08,2025-02-27 14:29:05.72,2025-02-27 14:29:05.72,,4,67
159,1.00,LITRO,4.40,2025-02-27 14:29:05.72,2025-02-27 14:29:05.72,,2,68
160,1.00,LITRO,7.08,2025-02-27 14:29:05.72,2025-02-27 14:29:05.72,,3,68
161,1.00,LITRO,6.99,2025-02-27 14:29:05.72,2025-02-27 14:29:05.72,,1,68
162,3.00,UNID,2.40,2025-02-27 14:29:05.72,2025-02-27 14:29:05.72,,13,68
163,4.00,UNID,2.40,2025-02-27 14:29:05.72,2025-02-27 14:29:05.72,,13,69
164,5.00,KG,31.44,2025-02-27 14:29:05.72,2025-02-27 14:29:05.72,,15,69
165,5.00,KG,31.44,2025-02-27 14:29:05.72,2025-02-27 14:29:05.72,,17,69
166,1.00,LITRO,6.99,2025-02-27 14:29:05.72,2025-02-27 14:29:05.72,,1,69
167,1.00,UNID,16.00,2025-02-27 14:29:05.72,2025-02-27 14:29:05.72,,10,70
168,2.00,LITRO,10.00,2025-02-27 14:29:05.72,2025-02-27 14:29:05.72,,19,71
169,1.00,LITRO,7.08,2025-02-27 14:29:05.72,2025-02-27 14:29:05.72,,3,71
170,5.00,KG,31.44,2025-02-27 14:29:05.72,2025-02-27 14:29:05.72,,16,71
171,3.00,UNID,2.40,2025-02-27 14:29:05.72,2025-02-27 14:29:05.72,,13,71
172,3.00,LITRO,6.99,2025-02-27 14:29:05.72,2025-02-27 14:29:05.72,,1,72
173,2.00,LITRO,7.08,2025-02-27 14:29:05.72,2025-02-27 14:29:05.72,,4,72
174,3.00,LITRO,6.99,2025-02-27 14:29:05.72,2025-02-27 14:29:05.72,,1,73
175,2.00,LITRO,7.08,2025-02-27 14:29:05.72,2025-02-27 14:29:05.72,,4,73
176,3.00,LITRO,6.99,2025-02-27 14:29:05.72,2025-02-27 14:29:05.72,,1,74
177,2.00,LITRO,7.08,2025-02-27 14:29:05.72,2025-02-27 14:29:05.72,,4,74
178,3.00,LITRO,6.99,2025-02-27 14:29:05.72,2025-02-27 14:29:05.72,,1,75
179,2.00,LITRO,7.08,2025-02-27 14:29:05.72,2025-02-27 14:29:05.72,,4,75
180,3.00,LITRO,6.99,2025-02-27 14:29:05.72,2025-02-27 14:29:05.72,,1,76
181,2.00,LITRO,7.08,2025-02-27 14:29:05.72,2025-02-27 14:29:05.72,,4,76
182,3.00,LITRO,6.99,2025-02-27 14:29:05.72,2025-02-27 14:29:05.72,,1,77
183,2.00,LITRO,7.08,2025-02-27 14:29:05.72,2025-02-27 14:29:05.72,,4,77
184,3.00,LITRO,6.99,2025-02-27 14:29:05.72,2025-02-27 14:29:05.72,,1,78
185,2.00,LITRO,7.08,2025-02-27 14:29:05.72,2025-02-27 14:29:05.72,,4,78
186,3.00,LITRO,6.99,2025-02-27 14:29:05.72,2025-02-27 14:29:05.72,,1,79
187,2.00,LITRO,7.08,2025-02-27 14:29:05.72,2025-02-27 14:29:05.72,,4,79
188,3.00,LITRO,6.99,2025-02-27 14:29:05.72,2025-02-27 14:29:05.72,,1,80
189,2.00,LITRO,7.08,2025-02-27 14:29:05.72,2025-02-27 14:29:05.72,,4,80
190,3.00,LITRO,6.99,2025-02-27 14:29:05.72,2025-02-27 14:29:05.72,,1,81
191,2.00,LITRO,7.08,2025-02-27 14:29:05.72,2025-02-27 14:29:05.72,,4,81
192,3.00,LITRO,6.99,2025-02-27 14:29:05.72,2025-02-27 14:29:05.72,,1,82
193,2.00,LITRO,7.08,2025-02-27 14:29:05.72,2025-02-27 14:29:05.72,,4,82
194,3.00,LITRO,6.99,2025-02-27 14:29:05.72,2025-02-27 14:29:05.72,,1,83
195,2.00,LITRO,7.08,2025-02-27 14:29:05.72,2025-02-27 14:29:05.72,,4,83
196,1.00,LITRO,6.99,2025-02-27 14:29:05.72,2025-02-27 14:29:05.72,,1,84
197,1.00,LITRO,7.08,2025-02-27 14:29:05.72,2025-02-27 14:29:05.72,,3,84
198,4.00,UNID,2.40,2025-02-27 14:29:05.72,2025-02-27 14:29:05.72,,13,84
199,2.50,KG,30.46,2025-02-27 14:29:05.72,2025-02-27 14:29:05.72,,18,84
200,2.50,KG,31.44,2025-02-27 14:29:05.72,2025-02-27 14:29:05.72,,17,84
201,5.00,KG,31.44,2025-02-27 14:29:05.72,2025-02-27 14:29:05.72,,16,84
202,3.00,LITRO,6.99,2025-02-27 14:29:05.72,2025-02-27 14:29:05.72,,1,85
203,2.00,LITRO,7.08,2025-02-27 14:29:05.72,2025-02-27 14:29:05.72,,4,85
204,3.00,LITRO,6.99,2025-02-27 14:29:05.72,2025-02-27 14:29:05.72,,1,86
205,2.00,LITRO,7.08,2025-02-27 14:29:05.72,2025-02-27 14:29:05.72,,4,86
206,3.00,LITRO,6.99,2025-02-27 14:29:05.72,2025-02-27 14:29:05.72,,1,87
207,2.00,LITRO,7.08,2025-02-27 14:29:05.72,2025-02-27 14:29:05.72,,4,87
208,3.00,LITRO,6.99,2025-02-27 14:29:05.72,2025-02-27 14:29:05.72,,1,88
209,2.00,LITRO,7.08,2025-02-27 14:29:05.72,2025-02-27 14:29:05.72,,4,88
210,3.00,LITRO,6.99,2025-02-27 14:29:05.72,2025-02-27 14:29:05.72,,1,89
211,2.00,LITRO,7.08,2025-02-27 14:29:05.72,2025-02-27 14:29:05.72,,4,89
212,2.00,LITRO,10.00,2025-02-27 14:29:05.72,2025-02-27 14:29:05.72,,19,90
213,5.00,KG,31.40,2025-02-27 14:29:05.72,2025-02-27 14:29:05.72,,24,90
214,2.50,KG,31.40,2025-02-27 14:29:05.72,2025-02-27 14:29:05.72,,22,90
215,2.50,KG,31.40,2025-02-27 14:29:05.72,2025-02-27 14:29:05.72,,23,90
216,2.00,LITRO,10.00,2025-02-27 14:29:05.72,2025-02-27 14:29:05.72,,19,91
217,3.00,UNID,2.40,2025-02-27 14:29:05.72,2025-02-27 14:29:05.72,,13,91
218,1.00,LITRO,6.99,2025-02-27 14:29:05.72,2025-02-27 14:29:05.72,,1,91
219,1.00,LITRO,7.08,2025-02-27 14:29:05.72,2025-02-27 14:29:05.72,,3,91
220,5.00,KG,31.40,2025-02-27 14:29:05.72,2025-02-27 14:29:05.72,,22,91
221,5.00,KG,31.40,2025-02-27 14:29:05.72,2025-02-27 14:29:05.72,,23,91
222,5.00,KG,31.40,2025-02-27 14:29:05.72,2025-02-27 14:29:05.72,,24,91
223,5.00,LITRO,10.00,2025-02-27 14:29:05.72,2025-02-27 14:29:05.72,,19,92
224,5.00,KG,31.44,2025-02-27 14:29:05.72,2025-02-27 14:29:05.72,,17,92
225,5.00,KG,31.40,2025-02-27 14:29:05.72,2025-02-27 14:29:05.72,,22,92
226,5.00,KG,31.40,2025-02-27 14:29:05.72,2025-02-27 14:29:05.72,,24,92
227,3.00,UNID,2.40,2025-02-27 14:29:05.72,2025-02-27 14:29:05.72,,13,92
228,5.00,KG,31.40,2025-02-27 14:29:05.72,2025-02-27 14:29:05.72,,22,93
229,5.00,KG,31.40,2025-02-27 14:29:05.72,2025-02-27 14:29:05.72,,24,93
230,2.50,KG,31.40,2025-02-27 14:29:05.72,2025-02-27 14:29:05.72,,23,93
231,1.00,KG,26.90,2025-02-27 14:29:05.72,2025-02-27 14:29:05.72,,6,93
232,3.00,LITRO,6.99,2025-02-27 14:29:05.72,2025-02-27 14:29:05.72,,1,94
233,2.00,LITRO,7.08,2025-02-27 14:29:05.72,2025-02-27 14:29:05.72,,4,94
234,1.00,LITRO,6.99,2025-02-27 14:29:05.72,2025-02-27 14:29:05.72,,1,95
235,5.00,KG,31.40,2025-02-27 14:29:05.72,2025-02-27 14:29:05.72,,22,95
236,4.00,UNID,2.40,2025-02-27 14:29:05.72,2025-02-27 14:29:05.72,,13,95
237,1.00,UNID,2.40,2025-02-27 14:29:05.72,2025-02-27 14:29:05.72,,13,96
238,1.00,LITRO,6.99,2025-02-27 14:29:05.72,2025-02-27 14:29:05.72,,1,96
239,1.00,LITRO,7.08,2025-02-27 14:29:05.72,2025-02-27 14:29:05.72,,3,96
240,2.50,KG,31.40,2025-02-27 14:29:05.72,2025-02-27 14:29:05.72,,23,96
241,2.50,KG,31.40,2025-02-27 14:29:05.72,2025-02-27 14:29:05.72,,24,96
242,2.50,KG,31.40,2025-02-27 14:29:05.72,2025-02-27 14:29:05.72,,22,96
243,1.00,LITRO,6.99,2025-02-27 14:29:05.72,2025-02-27 14:29:05.72,,1,97
244,1.00,LITRO,7.08,2025-02-27 14:29:05.72,2025-02-27 14:29:05.72,,3,97
245,1.00,LITRO,10.60,2025-02-27 14:29:05.72,2025-02-27 14:29:05.72,,5,97
246,2.50,KG,31.40,2025-02-27 14:29:05.72,2025-02-27 14:29:05.72,,22,97
247,2.50,KG,31.40,2025-02-27 14:29:05.72,2025-02-27 14:29:05.72,,24,97
248,2.50,KG,31.40,2025-02-27 14:29:05.72,2025-02-27 14:29:05.72,,23,97
249,1.00,LITRO,10.60,2025-02-27 14:29:05.72,2025-02-27 14:29:05.72,,5,98
250,1.00,LITRO,7.08,2025-02-27 14:29:05.72,2025-02-27 14:29:05.72,,3,98
251,2.50,KG,31.40,2025-02-27 14:29:05.72,2025-02-27 14:29:05.72,,22,98
252,2.50,KG,31.40,2025-02-27 14:29:05.72,2025-02-27 14:29:05.72,,23,98
253,5.00,KG,31.40,2025-02-27 14:29:05.72,2025-02-27 14:29:05.72,,24,98
254,3.00,LITRO,6.99,2025-02-27 14:29:05.72,2025-02-27 14:29:05.72,,1,99
255,2.00,LITRO,7.08,2025-02-27 14:29:05.72,2025-02-27 14:29:05.72,,4,99
256,3.00,LITRO,6.99,2025-02-27 14:29:05.72,2025-02-27 14:29:05.72,,1,100
257,2.00,LITRO,7.08,2025-02-27 14:29:05.72,2025-02-27 14:29:05.72,,4,100
258,3.00,LITRO,6.99,2025-02-27 14:29:05.72,2025-02-27 14:29:05.72,,1,101
259,2.00,LITRO,7.08,2025-02-27 14:29:05.72,2025-02-27 14:29:05.72,,4,101
260,1.50,LITRO,6.99,2025-02-27 14:29:05.72,2025-02-27 14:29:05.72,,1,102
261,1.00,LITRO,7.08,2025-02-27 14:29:05.72,2025-02-27 14:29:05.72,,4,102
262,1.00,LITRO,7.08,2025-02-27 14:29:05.72,2025-02-27 14:29:05.72,,3,103
263,5.00,LITRO,10.00,2025-02-27 14:29:05.72,2025-02-27 14:29:05.72,,19,103
264,1.00,LITRO,10.60,2025-02-27 14:29:05.72,2025-02-27 14:29:05.72,,5,103
265,3.00,UNID,2.40,2025-02-27 14:29:05.72,2025-02-27 14:29:05.72,,13,104
266,2.00,LITRO,6.99,2025-02-27 14:29:05.72,2025-02-27 14:29:05.72,,1,104
267,3.00,LITRO,6.99,2025-02-27 14:29:05.72,2025-02-27 14:29:05.72,,1,105
268,2.00,LITRO,7.08,2025-02-27 14:29:05.72,2025-02-27 14:29:05.72,,4,105
269,1.00,LITRO,7.08,2025-02-27 14:29:05.72,2025-02-27 14:29:05.72,,3,106
270,0.60,LITRO,4.40,2025-02-27 14:29:05.72,2025-02-27 14:29:05.72,,2,106
271,5.00,KG,31.40,2025-02-27 14:29:05.72,2025-02-27 14:29:05.72,,22,106
272,4.00,UNID,2.40,2025-02-27 14:29:05.72,2025-02-27 14:29:05.72,,13,106
273,1.00,LITRO,6.99,2025-02-27 14:29:05.72,2025-02-27 14:29:05.72,,1,107
274,1.00,LITRO,4.40,2025-02-27 14:29:05.72,2025-02-27 14:29:05.72,,2,107
275,2.00,UNID,2.40,2025-02-27 14:29:05.72,2025-02-27 14:29:05.72,,13,107
276,3.00,LITRO,6.99,2025-02-27 14:29:05.72,2025-02-27 14:29:05.72,,1,108
277,2.00,LITRO,7.08,2025-02-27 14:29:05.72,2025-02-27 14:29:05.72,,4,108
278,1.50,LITRO,6.99,2025-02-27 14:29:05.72,2025-02-27 14:29:05.72,,1,109
279,1.00,LITRO,7.08,2025-02-27 14:29:05.72,2025-02-27 14:29:05.72,,4,109
280,3.00,UNID,2.40,2025-02-27 14:29:05.72,2025-02-27 14:29:05.72,,13,110
281,12.99,KG,27.00,2025-02-27 14:29:05.72,2025-02-27 14:29:05.72,,21,111
282,2.00,LITRO,10.00,2025-02-27 14:29:05.72,2025-02-27 14:29:05.72,,19,112
283,3.00,LITRO,6.99,2025-02-27 14:29:05.72,2025-02-27 14:29:05.72,,1,113
284,2.00,LITRO,7.08,2025-02-27 14:29:05.72,2025-02-27 14:29:05.72,,4,113
285,1.00,LITRO,6.99,2025-02-27 14:29:05.72,2025-02-27 14:29:05.72,,1,114
286,6.00,KG,97.02,2025-02-27 14:29:05.72,2025-02-27 14:29:05.72,,26,114
287,2.00,KG,117.32,2025-02-27 14:29:05.72,2025-02-27 14:29:05.72,,28,114
288,2.00,UNID,2.40,2025-02-27 14:29:05.72,2025-02-27 14:29:05.72,,13,114
289,1.50,LITRO,6.99,2025-02-27 14:29:05.72,2025-02-27 14:29:05.72,,1,115
290,1.00,LITRO,7.08,2025-02-27 14:29:05.72,2025-02-27 14:29:05.72,,4,115
291,1.00,LITRO,6.99,2025-02-27 14:29:05.72,2025-02-27 14:29:05.72,,1,116
292,1.00,LITRO,7.08,2025-02-27 14:29:05.72,2025-02-27 14:29:05.72,,3,116
293,1.00,LITRO,10.60,2025-02-27 14:29:05.72,2025-02-27 14:29:05.72,,5,116
294,2.50,KG,31.40,2025-02-27 14:29:05.72,2025-02-27 14:29:05.72,,24,116
295,2.50,KG,31.40,2025-02-27 14:29:05.72,2025-02-27 14:29:05.72,,23,116
296,2.50,KG,31.40,2025-02-27 14:29:05.72,2025-02-27 14:29:05.72,,22,116
297,2.00,UNID,2.40,2025-02-27 14:29:05.72,2025-02-27 14:29:05.72,,13,116
298,2.00,LITRO,4.40,2025-02-27 14:29:05.72,2025-02-27 14:29:05.72,,2,116
299,1.00,LITRO,7.08,2025-02-27 14:29:05.72,2025-02-27 14:29:05.72,,3,117
300,1.00,LITRO,6.99,2025-02-27 14:29:05.72,2025-02-27 14:29:05.72,,1,117
301,2.50,KG,31.40,2025-02-27 14:29:05.72,2025-02-27 14:29:05.72,,22,117
302,2.50,KG,31.40,2025-02-27 14:29:05.72,2025-02-27 14:29:05.72,,23,117
303,2.50,KG,31.40,2025-02-27 14:29:05.72,2025-02-27 14:29:05.72,,24,117
304,4.00,UNID,2.40,2025-02-27 14:29:05.72,2025-02-27 14:29:05.72,,13,117
305,20.00,KG,44.08,2025-02-27 14:29:05.72,2025-02-27 14:29:05.72,,7,118
306,3.00,LITRO,6.99,2025-02-27 14:29:05.72,2025-02-27 14:29:05.72,,1,119
307,2.00,LITRO,7.08,2025-02-27 14:29:05.72,2025-02-27 14:29:05.72,,4,119
308,5.00,KG,31.40,2025-02-27 14:29:05.72,2025-02-27 14:29:05.72,,25,120
309,4.00,UNID,2.40,2025-02-27 14:29:05.72,2025-02-27 14:29:05.72,,13,120
310,2.50,KG,31.40,2025-02-27 14:29:05.72,2025-02-27 14:29:05.72,,22,120
311,5.00,LITRO,10.00,2025-02-27 14:29:05.72,2025-02-27 14:29:05.72,,19,121
312,5.00,KG,31.40,2025-02-27 14:29:05.72,2025-02-27 14:29:05.72,,25,121
313,12.90,KG,27.00,2025-02-27 14:29:05.72,2025-02-27 14:29:05.72,,21,122
314,3.00,LITRO,6.99,2025-02-27 14:29:05.72,2025-02-27 14:29:05.72,,1,123
315,2.00,LITRO,7.08,2025-02-27 14:29:05.72,2025-02-27 14:29:05.72,,4,123
316,1.50,LITRO,6.99,2025-02-27 14:29:05.72,2025-02-27 14:29:05.72,,1,124
317,1.00,LITRO,7.08,2025-02-27 14:29:05.72,2025-02-27 14:29:05.72,,4,124
318,6.00,KG,117.32,2025-02-27 14:29:05.72,2025-02-27 14:29:05.72,,28,125
319,4.00,KG,90.32,2025-02-27 14:29:05.72,2025-02-27 14:29:05.72,,27,125
320,2.00,UNID,2.40,2025-02-27 14:29:05.72,2025-02-27 14:29:05.72,,13,125
321,2.00,KG,26.90,2025-02-27 14:29:05.72,2025-02-27 14:29:05.72,,6,126
322,1.50,LITRO,6.99,2025-02-27 14:29:05.72,2025-02-27 14:29:05.72,,1,127
323,1.00,LITRO,7.08,2025-02-27 14:29:05.72,2025-02-27 14:29:05.72,,4,127
324,10.00,KG,117.32,2025-02-27 14:29:05.72,2025-02-27 14:29:05.72,,28,128
325,5.00,LITRO,10.00,2025-02-27 14:29:05.72,2025-02-27 14:29:05.72,,19,128
326,1.00,UNID,16.00,2025-02-27 14:29:05.72,2025-02-27 14:29:05.72,,10,129
327,3.00,LITRO,6.99,2025-02-27 14:29:05.72,2025-02-27 14:29:05.72,,1,130
328,2.00,LITRO,7.08,2025-02-27 14:29:05.72,2025-02-27 14:29:05.72,,4,130
329,3.00,LITRO,6.99,2025-02-27 14:29:05.72,2025-02-27 14:29:05.72,,1,131
330,2.00,LITRO,7.08,2025-02-27 14:29:05.72,2025-02-27 14:29:05.72,,4,131
339,1.00,UNID,16.00,2025-02-27 14:29:05.72,2025-02-27 14:29:05.72,,10,135
340,2.00,LITRO,6.99,2025-02-27 14:29:05.72,2025-02-27 14:29:05.72,,1,136
341,1.00,LITRO,7.08,2025-02-27 14:29:05.72,2025-02-27 14:29:05.72,,3,136
342,5.00,KG,31.40,2025-02-27 14:29:05.72,2025-02-27 14:29:05.72,,22,136
331,2.00,KG,187.17,2025-02-27 14:29:05.72,2025-02-27 14:29:05.72,,29,132
332,2.00,KG,97.02,2025-02-27 14:29:05.72,2025-02-27 14:29:05.72,,26,132
333,1.50,LITRO,6.99,2025-02-27 14:29:05.72,2025-02-27 14:29:05.72,,1,133
334,1.00,LITRO,7.08,2025-02-27 14:29:05.72,2025-02-27 14:29:05.72,,4,133
335,1.00,LITRO,7.08,2025-02-27 14:29:05.72,2025-02-27 14:29:05.72,,3,134
336,5.00,KG,31.40,2025-02-27 14:29:05.72,2025-02-27 14:29:05.72,,22,134
337,2.50,KG,31.40,2025-02-27 14:29:05.72,2025-02-27 14:29:05.72,,23,134
338,3.00,UNID,2.40,2025-02-27 14:29:05.72,2025-02-27 14:29:05.72,,13,134
345,2.00,KG,117.32,2025-02-27 14:29:05.72,2025-02-27 14:29:05.72,,28,138
343,3.00,LITRO,6.99,2025-02-27 14:29:05.72,2025-02-27 14:29:05.72,,1,137
344,2.00,LITRO,7.08,2025-02-27 14:29:05.72,2025-02-27 14:29:05.72,,4,137
346,2.00,LITRO,10.00,2025-02-27 14:29:05.72,2025-02-27 14:29:05.72,,19,139
347,1.00,LITRO,7.08,2025-02-27 14:29:05.72,2025-02-27 14:29:05.72,,3,139
348,1.00,LITRO,4.40,2025-02-27 14:29:05.72,2025-02-27 14:29:05.72,,2,139
349,2.50,KG,31.40,2025-02-27 14:29:05.72,2025-02-27 14:29:05.72,,22,140
350,17.50,KG,31.40,2025-02-27 14:29:05.72,2025-02-27 14:29:05.72,,24,140
351,2.50,KG,31.40,2025-02-27 14:29:05.72,2025-02-27 14:29:05.72,,23,140
352,4.00,UNID,2.40,2025-02-27 14:29:05.72,2025-02-27 14:29:05.72,,13,140
353,1.00,LITRO,6.99,2025-02-27 14:29:05.72,2025-02-27 14:29:05.72,,1,141
354,5.00,KG,31.40,2025-02-27 14:29:05.72,2025-02-27 14:29:05.72,,24,141
355,2.50,KG,31.40,2025-02-27 14:29:05.72,2025-02-27 14:29:05.72,,22,141
356,2.50,KG,31.40,2025-02-27 14:29:05.72,2025-02-27 14:29:05.72,,23,141
357,2.00,UNID,2.40,2025-02-27 14:29:05.72,2025-02-27 14:29:05.72,,13,141
358,3.00,LITRO,6.99,2025-02-27 14:29:05.72,2025-02-27 14:29:05.72,,1,142
359,2.00,LITRO,7.08,2025-02-27 14:29:05.72,2025-02-27 14:29:05.72,,4,142
360,1.00,LITRO,6.99,2025-02-27 14:29:05.72,2025-02-27 14:29:05.72,,1,143
361,2.50,KG,31.40,2025-02-27 14:29:05.72,2025-02-27 14:29:05.72,,22,143
362,5.00,KG,31.40,2025-02-27 14:29:05.72,2025-02-27 14:29:05.72,,24,143
363,2.50,KG,31.40,2025-02-27 14:29:05.72,2025-02-27 14:29:05.72,,23,143
365,3.00,LITRO,6.99,2025-02-27 14:29:05.72,2025-02-27 14:29:05.72,,1,145
366,2.00,LITRO,7.08,2025-02-27 14:29:05.72,2025-02-27 14:29:05.72,,4,145
367,1.00,LITRO,7.08,2025-02-27 14:29:05.72,2025-02-27 14:29:05.72,,3,146
368,1.00,LITRO,10.60,2025-02-27 14:29:05.72,2025-02-27 14:29:05.72,,5,146
369,7.50,KG,31.40,2025-02-27 14:29:05.72,2025-02-27 14:29:05.72,,24,146
370,5.00,KG,31.40,2025-02-27 14:29:05.72,2025-02-27 14:29:05.72,,22,146
371,2.50,KG,31.40,2025-02-27 14:29:05.72,2025-02-27 14:29:05.72,,23,146
372,3.00,UNID,2.40,2025-02-27 14:29:05.72,2025-02-27 14:29:05.72,,13,146
373,1.00,LITRO,6.99,2025-02-27 14:29:05.72,2025-02-27 14:29:05.72,,1,147
374,1.00,LITRO,4.40,2025-02-27 14:29:05.72,2025-02-27 14:29:05.72,,2,147
375,3.00,LITRO,6.99,2025-02-27 14:29:05.72,2025-02-27 14:29:05.72,,1,148
376,2.00,LITRO,7.08,2025-02-27 14:29:05.72,2025-02-27 14:29:05.72,,4,148
377,2.00,LITRO,10.00,2025-02-27 14:29:05.72,2025-02-27 14:29:05.72,,19,149
378,1.00,LITRO,10.60,2025-02-27 14:29:05.72,2025-02-27 14:29:05.72,,5,150
379,2.00,LITRO,6.99,2025-02-27 14:29:05.72,2025-02-27 14:29:05.72,,1,151
380,1.00,LITRO,7.08,2025-02-27 14:29:05.72,2025-02-27 14:29:05.72,,4,151
381,5.00,KG,31.40,2025-02-27 14:29:05.72,2025-02-27 14:29:05.72,,22,152
382,2.50,KG,31.40,2025-02-27 14:29:05.72,2025-02-27 14:29:05.72,,25,152
383,2.50,KG,31.40,2025-02-27 14:29:05.72,2025-02-27 14:29:05.72,,23,152
384,1.00,LITRO,7.08,2025-02-27 14:29:05.72,2025-02-27 14:29:05.72,,3,152
385,2.00,KG,26.90,2025-02-27 14:29:05.72,2025-02-27 14:29:05.72,,6,152
386,3.00,UNID,2.40,2025-02-27 14:29:05.72,2025-02-27 14:29:05.72,,13,152
387,1.00,LITRO,4.40,2025-02-27 14:29:05.72,2025-02-27 14:29:05.72,,2,153
388,2.50,KG,31.40,2025-02-27 14:29:05.72,2025-02-27 14:29:05.72,,22,153
389,2.50,KG,31.40,2025-02-27 14:29:05.72,2025-02-27 14:29:05.72,,25,153
390,2.50,KG,31.40,2025-02-27 14:29:05.72,2025-02-27 14:29:05.72,,23,153
391,2.50,KG,31.40,2025-02-27 14:29:05.72,2025-02-27 14:29:05.72,,24,153
392,13.16,KG,27.00,2025-02-27 14:29:05.72,2025-02-27 14:29:05.72,,21,154
393,2.50,KG,31.40,2025-02-27 14:29:05.72,2025-02-27 14:29:05.72,,25,155
394,2.50,KG,31.40,2025-02-27 14:29:05.72,2025-02-27 14:29:05.72,,24,155
395,5.00,KG,31.40,2025-02-27 14:29:05.72,2025-02-27 14:29:05.72,,22,155
396,3.00,LITRO,6.99,2025-02-27 14:29:05.72,2025-02-27 14:29:05.72,,1,156
397,2.00,LITRO,7.08,2025-02-27 14:29:05.72,2025-02-27 14:29:05.72,,4,156
398,3.00,LITRO,6.99,2025-02-27 14:29:05.72,2025-02-27 14:29:05.72,,1,157
399,2.00,LITRO,7.08,2025-02-27 14:29:05.72,2025-02-27 14:29:05.72,,4,157
402,1.00,LITRO,7.08,2025-02-27 14:29:05.72,2025-02-27 14:29:05.72,,3,159
403,1.00,LITRO,7.08,2025-02-27 14:29:05.72,2025-02-27 14:29:05.72,,3,160
404,2.00,LITRO,6.99,2025-02-27 14:29:05.72,2025-02-27 14:29:05.72,,1,160
405,3.00,UNID,2.40,2025-02-27 14:29:05.72,2025-02-27 14:29:05.72,,13,160
406,1.00,LITRO,6.99,2025-02-27 14:29:05.72,2025-02-27 14:29:05.72,,1,161
407,1.00,LITRO,7.08,2025-02-27 14:29:05.72,2025-02-27 14:29:05.72,,3,161
408,2.50,KG,31.40,2025-02-27 14:29:05.72,2025-02-27 14:29:05.72,,25,161
409,1.00,LITRO,6.99,2025-02-27 14:29:05.72,2025-02-27 14:29:05.72,,1,162
410,0.50,LITRO,7.08,2025-02-27 14:29:05.72,2025-02-27 14:29:05.72,,4,162
400,1.00,LITRO,6.99,2025-02-27 14:29:05.72,2025-02-27 14:29:05.72,,1,158
401,0.50,LITRO,7.08,2025-02-27 14:29:05.72,2025-02-27 14:29:05.72,,4,158
411,3.00,LITRO,6.99,2025-02-27 14:29:05.72,2025-02-27 14:29:05.72,,1,163
412,2.00,LITRO,7.08,2025-02-27 14:29:05.72,2025-02-27 14:29:05.72,,4,163
413,1.50,LITRO,6.99,2025-02-27 14:29:05.72,2025-02-27 14:29:05.72,,1,164
414,1.00,LITRO,7.08,2025-02-27 14:29:05.72,2025-02-27 14:29:05.72,,4,164
415,1.00,LITRO,6.99,2025-02-27 14:29:05.72,2025-02-27 14:29:05.72,,1,165
416,1.00,LITRO,7.08,2025-02-27 14:29:05.72,2025-02-27 14:29:05.72,,3,165
417,1.00,LITRO,10.60,2025-02-27 14:29:05.72,2025-02-27 14:29:05.72,,5,165
418,2.00,UNID,2.40,2025-02-27 14:29:05.72,2025-02-27 14:29:05.72,,13,165
419,4.00,UNID,2.40,2025-02-27 14:29:05.72,2025-02-27 14:29:05.72,,13,166
420,5.00,KG,31.40,2025-02-27 14:29:05.72,2025-02-27 14:29:05.72,,25,166
421,2.00,UNID,2.40,2025-02-27 14:29:05.72,2025-02-27 14:29:05.72,,13,167
422,1.00,LITRO,6.99,2025-02-27 14:29:05.72,2025-02-27 14:29:05.72,,1,167
423,1.00,LITRO,7.08,2025-02-27 14:29:05.72,2025-02-27 14:29:05.72,,3,167
424,2.50,KG,31.40,2025-02-27 14:29:05.72,2025-02-27 14:29:05.72,,22,167
425,2.50,KG,31.40,2025-02-27 14:29:05.72,2025-02-27 14:29:05.72,,24,167
426,2.50,KG,31.40,2025-02-27 14:29:05.72,2025-02-27 14:29:05.72,,23,167
427,3.00,LITRO,6.99,2025-02-27 14:29:05.72,2025-02-27 14:29:05.72,,1,168
428,2.00,LITRO,7.08,2025-02-27 14:29:05.72,2025-02-27 14:29:05.72,,4,168
429,1.00,LITRO,7.08,2025-02-27 14:29:05.72,2025-02-27 14:29:05.72,,3,169
430,2.00,LITRO,6.99,2025-02-27 14:29:05.72,2025-02-27 14:29:05.72,,1,169
431,5.00,LITRO,10.00,2025-02-27 14:29:05.72,2025-02-27 14:29:05.72,,19,169
432,13.20,KG,27.00,2025-02-27 14:29:05.72,2025-02-27 14:29:05.72,,21,170
433,2.00,LITRO,10.00,2025-02-27 14:29:05.72,2025-02-27 14:29:05.72,,19,171
434,1.00,LITRO,4.40,2025-02-27 14:29:05.72,2025-02-27 14:29:05.72,,2,171
435,3.00,LITRO,6.99,2025-02-27 14:29:05.72,2025-02-27 14:29:05.72,,1,172
436,2.00,LITRO,7.08,2025-02-27 14:29:05.72,2025-02-27 14:29:05.72,,4,172
437,1.00,LITRO,6.99,2025-02-27 14:29:05.72,2025-02-27 14:29:05.72,,1,173
438,0.50,LITRO,7.08,2025-02-27 14:29:05.72,2025-02-27 14:29:05.72,,4,173
439,4.00,LITRO,4.40,2025-02-27 14:29:05.72,2025-02-27 14:29:05.72,,2,174
440,3.00,LITRO,6.99,2025-02-27 14:29:05.72,2025-02-27 14:29:05.72,,1,175
441,2.00,LITRO,7.08,2025-02-27 14:29:05.72,2025-02-27 14:29:05.72,,4,175
442,1.00,LITRO,6.99,2025-02-27 14:29:05.72,2025-02-27 14:29:05.72,,1,176
443,1.00,LITRO,7.08,2025-02-27 14:29:05.72,2025-02-27 14:29:05.72,,3,176
444,5.00,KG,31.40,2025-02-27 14:29:05.72,2025-02-27 14:29:05.72,,22,176
445,5.00,KG,31.40,2025-02-27 14:29:05.72,2025-02-27 14:29:05.72,,23,176
446,2.50,KG,31.40,2025-02-27 14:29:05.72,2025-02-27 14:29:05.72,,24,176
447,2.50,KG,31.40,2025-02-27 14:29:05.72,2025-02-27 14:29:05.72,,25,176
448,4.00,UNID,2.40,2025-02-27 14:29:05.72,2025-02-27 14:29:05.72,,13,176
449,1.50,LITRO,6.99,2025-02-27 14:29:05.72,2025-02-27 14:29:05.72,,1,177
450,1.00,LITRO,7.08,2025-02-27 14:29:05.72,2025-02-27 14:29:05.72,,4,177
451,1.50,LITRO,6.99,2025-02-27 14:29:05.72,2025-02-27 14:29:05.72,,1,178
452,1.00,LITRO,7.08,2025-02-27 14:29:05.72,2025-02-27 14:29:05.72,,4,178
453,4.00,KG,117.32,2025-02-27 14:29:05.72,2025-02-27 14:29:05.72,,28,179
454,1.00,LITRO,7.08,2025-02-27 14:29:05.72,2025-02-27 14:29:05.72,,3,180
455,2.00,LITRO,10.00,2025-02-27 14:29:05.72,2025-02-27 14:29:05.72,,19,180
456,7.50,KG,31.40,2025-02-27 14:29:05.72,2025-02-27 14:29:05.72,,22,180
457,5.00,KG,31.40,2025-02-27 14:29:05.72,2025-02-27 14:29:05.72,,23,180
458,2.50,KG,31.40,2025-02-27 14:29:05.72,2025-02-27 14:29:05.72,,24,180
459,4.00,UNID,2.40,2025-02-27 14:29:05.72,2025-02-27 14:29:05.72,,13,180
460,1.00,LITRO,6.99,2025-02-27 14:29:05.72,2025-02-27 14:29:05.72,,1,181
461,0.50,LITRO,7.08,2025-02-27 14:29:05.72,2025-02-27 14:29:05.72,,4,181
462,3.00,LITRO,6.99,2025-02-27 14:29:05.72,2025-02-27 14:29:05.72,,1,182
463,2.00,LITRO,7.08,2025-02-27 14:29:05.72,2025-02-27 14:29:05.72,,4,182
464,3.00,LITRO,6.99,2025-02-27 14:29:05.72,2025-02-27 14:29:05.72,,1,183
465,2.00,LITRO,7.08,2025-02-27 14:29:05.72,2025-02-27 14:29:05.72,,4,183
466,1.00,LITRO,4.40,2025-02-27 14:29:05.72,2025-02-27 14:29:05.72,,2,184
467,1.00,LITRO,6.99,2025-02-27 14:29:05.72,2025-02-27 14:29:05.72,,1,184
468,1.00,LITRO,7.08,2025-02-27 14:29:05.72,2025-02-27 14:29:05.72,,3,184
469,3.00,UNID,2.40,2025-02-27 14:29:05.72,2025-02-27 14:29:05.72,,13,184
470,3.00,LITRO,6.99,2025-02-27 14:29:05.72,2025-02-27 14:29:05.72,,1,185
471,2.00,LITRO,7.08,2025-02-27 14:29:05.72,2025-02-27 14:29:05.72,,4,185
472,1.50,LITRO,6.99,2025-02-27 14:29:05.72,2025-02-27 14:29:05.72,,1,186
473,1.00,LITRO,7.08,2025-02-27 14:29:05.72,2025-02-27 14:29:05.72,,4,186
474,2.00,UNID,2.40,2025-02-27 14:29:05.72,2025-02-27 14:29:05.72,,13,187
475,4.00,KG,117.32,2025-02-27 14:29:05.72,2025-02-27 14:29:05.72,,28,187
476,5.00,LITRO,10.00,2025-02-27 14:29:05.72,2025-02-27 14:29:05.72,,19,188
477,1.00,LITRO,7.08,2025-02-27 14:29:05.72,2025-02-27 14:29:05.72,,3,189
478,3.00,LITRO,6.99,2025-02-27 14:29:05.72,2025-02-27 14:29:05.72,,1,190
479,2.00,LITRO,7.08,2025-02-27 14:29:05.72,2025-02-27 14:29:05.72,,4,190
480,2.50,KG,31.40,2025-02-27 14:29:05.72,2025-02-27 14:29:05.72,,24,191
481,2.50,KG,31.40,2025-02-27 14:29:05.72,2025-02-27 14:29:05.72,,23,191
482,2.50,KG,31.40,2025-02-27 14:29:05.72,2025-02-27 14:29:05.72,,25,191
483,5.00,KG,31.40,2025-02-27 14:29:05.72,2025-02-27 14:29:05.72,,22,191
484,2.00,UNID,2.40,2025-02-27 14:29:05.72,2025-02-27 14:29:05.72,,13,191
485,1.00,LITRO,6.99,2025-02-27 14:29:05.72,2025-02-27 14:29:05.72,,1,191
486,2.00,UNID,2.40,2025-02-27 14:29:05.72,2025-02-27 14:29:05.72,,13,192
487,1.00,LITRO,10.60,2025-02-27 14:29:05.72,2025-02-27 14:29:05.72,,5,192
488,5.00,LITRO,10.00,2025-02-27 14:29:05.72,2025-02-27 14:29:05.72,,19,192
489,1.50,LITRO,6.99,2025-02-27 14:29:05.72,2025-02-27 14:29:05.72,,1,193
490,1.00,LITRO,7.08,2025-02-27 14:29:05.72,2025-02-27 14:29:05.72,,4,193
491,2.00,LITRO,10.00,2025-02-27 14:29:05.72,2025-02-27 14:29:05.72,,19,194
492,1.00,LITRO,7.08,2025-02-27 14:29:05.72,2025-02-27 14:29:05.72,,3,194
493,10.00,KG,31.40,2025-02-27 14:29:05.72,2025-02-27 14:29:05.72,,24,194
494,7.50,KG,31.40,2025-02-27 14:29:05.72,2025-02-27 14:29:05.72,,23,194
495,2.50,KG,31.40,2025-02-27 14:29:05.72,2025-02-27 14:29:05.72,,25,194
496,10.00,KG,31.40,2025-02-27 14:29:05.72,2025-02-27 14:29:05.72,,22,194
497,4.00,UNID,2.40,2025-02-27 14:29:05.72,2025-02-27 14:29:05.72,,13,194
498,1.50,LITRO,6.99,2025-02-27 14:29:05.72,2025-02-27 14:29:05.72,,1,195
499,1.00,LITRO,7.08,2025-02-27 14:29:05.72,2025-02-27 14:29:05.72,,4,195
500,2.00,KG,90.32,2025-02-27 14:29:05.72,2025-02-27 14:29:05.72,,27,196
501,1.00,LITRO,7.08,2025-02-27 14:29:05.72,2025-02-27 14:29:05.72,,3,196
502,1.00,LITRO,6.99,2025-02-27 14:29:05.72,2025-02-27 14:29:05.72,,1,196
503,3.00,LITRO,6.99,2025-02-27 14:29:05.72,2025-02-27 14:29:05.72,,1,197
504,2.00,LITRO,7.08,2025-02-27 14:29:05.72,2025-02-27 14:29:05.72,,4,197
505,1.00,LITRO,6.99,2025-02-27 14:29:05.72,2025-02-27 14:29:05.72,,1,198
506,2.00,UNID,2.40,2025-02-27 14:29:05.72,2025-02-27 14:29:05.72,,13,198
507,1.00,LITRO,7.08,2025-02-27 14:29:05.72,2025-02-27 14:29:05.72,,3,198
508,1.00,LITRO,6.99,2025-02-27 14:29:05.72,2025-02-27 14:29:05.72,,1,199
509,0.50,LITRO,7.08,2025-02-27 14:29:05.72,2025-02-27 14:29:05.72,,4,199
510,2.00,UNID,2.40,2025-02-27 14:29:05.72,2025-02-27 14:29:05.72,,13,200
511,3.00,LITRO,6.99,2025-02-27 14:29:05.72,2025-02-27 14:29:05.72,,1,201
512,2.00,LITRO,7.08,2025-02-27 14:29:05.72,2025-02-27 14:29:05.72,,4,201
513,1.50,LITRO,6.99,2025-02-27 14:29:05.72,2025-02-27 14:29:05.72,,1,202
514,1.00,LITRO,7.08,2025-02-27 14:29:05.72,2025-02-27 14:29:05.72,,4,202
515,2.00,KG,117.32,2025-02-27 14:29:05.72,2025-02-27 14:29:05.72,,28,203
516,10.00,KG,31.40,2025-02-27 14:29:05.72,2025-02-27 14:29:05.72,,24,204
517,10.00,KG,31.40,2025-02-27 14:29:05.72,2025-02-27 14:29:05.72,,22,204
518,4.00,UNID,2.40,2025-02-27 14:29:05.72,2025-02-27 14:29:05.72,,13,204
522,1.00,LITRO,6.99,2025-02-27 14:29:05.72,2025-02-27 14:29:05.72,,1,206
523,1.00,LITRO,4.40,2025-02-27 14:29:05.72,2025-02-27 14:29:05.72,,2,206
524,5.00,KG,31.40,2025-02-27 14:29:05.72,2025-02-27 14:29:05.72,,22,206
525,1.00,LITRO,6.99,2025-02-27 14:29:05.72,2025-02-27 14:29:05.72,,1,207
526,0.50,LITRO,7.08,2025-02-27 14:29:05.72,2025-02-27 14:29:05.72,,4,207
527,3.00,LITRO,6.99,2025-02-27 14:29:05.72,2025-02-27 14:29:05.72,,1,208
528,2.00,LITRO,7.08,2025-02-27 14:29:05.72,2025-02-27 14:29:05.72,,4,208
529,2.00,LITRO,10.00,2025-02-27 14:29:05.72,2025-02-27 14:29:05.72,,19,209
530,2.50,KG,31.40,2025-02-27 14:29:05.72,2025-02-27 14:29:05.72,,22,209
531,5.00,KG,31.40,2025-02-27 14:29:05.72,2025-02-27 14:29:05.72,,23,209
532,10.00,KG,31.40,2025-02-27 14:29:05.72,2025-02-27 14:29:05.72,,24,209
533,3.00,UNID,2.40,2025-02-27 14:29:05.72,2025-02-27 14:29:05.72,,13,209
534,1.00,LITRO,4.40,2025-02-27 14:29:05.72,2025-02-27 14:29:05.72,,2,210
535,1.00,LITRO,10.60,2025-02-27 14:29:05.72,2025-02-27 14:29:05.72,,5,210
536,1.00,LITRO,7.08,2025-02-27 14:29:05.72,2025-02-27 14:29:05.72,,3,210
537,1.00,LITRO,6.99,2025-02-27 14:29:05.72,2025-02-27 14:29:05.72,,1,211
538,0.60,LITRO,4.40,2025-02-27 14:29:05.72,2025-02-27 14:29:05.72,,2,211
539,3.00,LITRO,6.99,2025-02-27 14:29:05.72,2025-02-27 14:29:05.72,,1,212
540,2.00,LITRO,7.08,2025-02-27 14:29:05.72,2025-02-27 14:29:05.72,,4,212
541,1.00,LITRO,6.99,2025-02-27 14:29:05.72,2025-02-27 14:29:05.72,,1,213
542,0.50,LITRO,7.08,2025-02-27 14:29:05.72,2025-02-27 14:29:05.72,,4,213
543,2.50,KG,31.40,2025-02-27 14:29:05.72,2025-02-27 14:29:05.72,,23,214
544,2.50,KG,31.40,2025-02-27 14:29:05.72,2025-02-27 14:29:05.72,,22,214
545,2.50,KG,31.40,2025-02-27 14:29:05.72,2025-02-27 14:29:05.72,,25,214
546,10.50,LITRO,6.99,2025-02-27 14:29:05.72,2025-02-27 14:29:05.72,,1,215
547,7.00,LITRO,7.08,2025-02-27 14:29:05.72,2025-02-27 14:29:05.72,,4,215
548,2.00,LITRO,6.99,2025-02-27 14:29:05.72,2025-02-27 14:29:05.72,,1,216
549,2.50,KG,31.40,2025-02-27 14:29:05.72,2025-02-27 14:29:05.72,,25,216
550,1.00,UNID,2.40,2025-02-27 14:29:05.72,2025-02-27 14:29:05.72,,13,216
551,2.00,LITRO,7.08,2025-02-27 14:29:05.72,2025-02-27 14:29:05.72,,3,217
552,2.00,UNID,2.40,2025-02-27 14:29:05.72,2025-02-27 14:29:05.72,,13,217
553,5.00,KG,31.40,2025-02-27 14:29:05.72,2025-02-27 14:29:05.72,,24,217
554,5.00,KG,31.40,2025-02-27 14:29:05.72,2025-02-27 14:29:05.72,,23,217
555,5.00,KG,31.40,2025-02-27 14:29:05.72,2025-02-27 14:29:05.72,,22,217
556,2.50,KG,31.40,2025-02-27 14:29:05.72,2025-02-27 14:29:05.72,,25,217
557,10.00,KG,44.08,2025-02-27 14:29:05.72,2025-02-27 14:29:05.72,,7,218
558,5.00,KG,48.62,2025-02-27 14:29:05.72,2025-02-27 14:29:05.72,,11,219
559,2.00,LITRO,10.00,2025-02-27 14:29:05.72,2025-02-27 14:29:05.72,,19,220
560,1.00,LITRO,7.08,2025-02-27 14:29:05.72,2025-02-27 14:29:05.72,,3,220
561,1.00,LITRO,7.08,2025-02-27 14:29:05.72,2025-02-27 14:29:05.72,,3,221
562,1.00,LITRO,6.99,2025-02-27 14:29:05.72,2025-02-27 14:29:05.72,,1,221
563,1.00,LITRO,10.60,2025-02-27 14:29:05.72,2025-02-27 14:29:05.72,,5,221
564,3.00,LITRO,6.99,2025-02-27 14:29:05.72,2025-02-27 14:29:05.72,,1,222
565,2.00,LITRO,7.08,2025-02-27 14:29:05.72,2025-02-27 14:29:05.72,,4,222
566,3.00,LITRO,6.99,2025-02-27 14:29:05.72,2025-02-27 14:29:05.72,,1,223
567,2.00,LITRO,7.08,2025-02-27 14:29:05.72,2025-02-27 14:29:05.72,,4,223
568,3.00,LITRO,6.99,2025-02-27 14:29:05.72,2025-02-27 14:29:05.72,,1,224
569,2.00,LITRO,7.08,2025-02-27 14:29:05.72,2025-02-27 14:29:05.72,,4,224
570,1.00,LITRO,6.99,2025-02-27 14:29:05.72,2025-02-27 14:29:05.72,,1,225
571,0.50,LITRO,7.08,2025-02-27 14:29:05.72,2025-02-27 14:29:05.72,,4,225
572,1.00,LITRO,7.08,2025-02-27 14:29:05.72,2025-02-27 14:29:05.72,,3,226
573,1.00,LITRO,6.99,2025-02-27 14:29:05.72,2025-02-27 14:29:05.72,,1,226
574,2.50,KG,31.40,2025-02-27 14:29:05.72,2025-02-27 14:29:05.72,,24,226
575,2.50,KG,31.40,2025-02-27 14:29:05.72,2025-02-27 14:29:05.72,,22,226
576,2.50,KG,31.40,2025-02-27 14:29:05.72,2025-02-27 14:29:05.72,,23,226
578,3.00,LITRO,6.99,2025-02-27 14:29:05.72,2025-02-27 14:29:05.72,,1,228
579,2.00,LITRO,7.08,2025-02-27 14:29:05.72,2025-02-27 14:29:05.72,,4,228
580,2.00,LITRO,10.00,2025-02-27 14:29:05.72,2025-02-27 14:29:05.72,,19,229
581,1.00,LITRO,6.99,2025-02-27 14:29:05.72,2025-02-27 14:29:05.72,,1,230
582,0.50,LITRO,7.08,2025-02-27 14:29:05.72,2025-02-27 14:29:05.72,,4,230
585,3.00,LITRO,6.99,2025-02-27 14:29:05.72,2025-02-27 14:29:05.72,,1,232
586,2.00,LITRO,7.08,2025-02-27 14:29:05.72,2025-02-27 14:29:05.72,,4,232
587,1.00,LITRO,7.08,2025-02-27 14:29:05.72,2025-02-27 14:29:05.72,,3,233
588,2.00,LITRO,6.99,2025-02-27 14:29:05.72,2025-02-27 14:29:05.72,,1,233
589,2.50,KG,31.40,2025-02-27 14:29:05.72,2025-02-27 14:29:05.72,,22,233
590,1.00,LITRO,7.08,2025-02-27 14:29:05.72,2025-02-27 14:29:05.72,,3,234
591,1.00,LITRO,6.99,2025-02-27 14:29:05.72,2025-02-27 14:29:05.72,,1,235
592,0.50,LITRO,7.08,2025-02-27 14:29:05.72,2025-02-27 14:29:05.72,,4,235
577,13.18,KG,27.00,2025-02-27 14:29:05.72,2025-02-27 14:29:05.72,,21,227
583,2.50,KG,31.40,2025-02-27 14:29:05.72,2025-02-27 14:29:05.72,,23,231
584,2.50,KG,31.40,2025-02-27 14:29:05.72,2025-02-27 14:29:05.72,,24,231
593,1.00,LITRO,7.08,2025-02-27 14:29:05.72,2025-02-27 14:29:05.72,,3,236
594,1.50,LITRO,6.99,2025-02-27 14:29:05.72,2025-02-27 14:29:05.72,,1,237
595,1.00,LITRO,7.08,2025-02-27 14:29:05.72,2025-02-27 14:29:05.72,,4,237
596,1.50,LITRO,6.99,2025-02-27 14:29:05.72,2025-02-27 14:29:05.72,,1,238
597,1.00,LITRO,7.08,2025-02-27 14:29:05.72,2025-02-27 14:29:05.72,,4,238
598,2.00,KG,117.32,2025-02-27 14:29:05.72,2025-02-27 14:29:05.72,,28,239
599,1.00,LITRO,10.60,2025-02-27 14:29:05.72,2025-02-27 14:29:05.72,,5,239
600,6.00,KG,117.32,2025-02-27 14:29:05.72,2025-02-27 14:29:05.72,,28,239
601,4.00,KG,90.32,2025-02-27 14:29:05.72,2025-02-27 14:29:05.72,,27,239
602,2.00,UNID,2.40,2025-02-27 14:29:05.72,2025-02-27 14:29:05.72,,13,239
603,3.00,LITRO,6.99,2025-02-27 14:29:05.72,2025-02-27 14:29:05.72,,1,240
604,2.00,LITRO,7.08,2025-02-27 14:29:05.72,2025-02-27 14:29:05.72,,4,240
605,1.00,LITRO,6.99,2025-02-27 14:29:05.72,2025-02-27 14:29:05.72,,1,241
606,2.00,LITRO,10.00,2025-02-27 14:29:05.72,2025-02-27 14:29:05.72,,19,241
607,1.00,LITRO,7.08,2025-02-27 14:29:05.72,2025-02-27 14:29:05.72,,3,241
608,5.00,KG,31.40,2025-02-27 14:29:05.72,2025-02-27 14:29:05.72,,22,241
609,5.00,KG,31.40,2025-02-27 14:29:05.72,2025-02-27 14:29:05.72,,24,241
610,2.50,KG,31.40,2025-02-27 14:29:05.72,2025-02-27 14:29:05.72,,23,241
611,2.50,KG,31.40,2025-02-27 14:29:05.72,2025-02-27 14:29:05.72,,25,241
612,1.00,LITRO,7.08,2025-02-27 14:29:05.72,2025-02-27 14:29:05.72,,3,242
613,1.00,LITRO,4.40,2025-02-27 14:29:05.72,2025-02-27 14:29:05.72,,2,242
614,4.00,UNID,2.40,2025-02-27 14:29:05.72,2025-02-27 14:29:05.72,,13,242
615,1.00,LITRO,6.99,2025-02-27 14:29:05.72,2025-02-27 14:29:05.72,,1,243
616,0.50,LITRO,7.08,2025-02-27 14:29:05.72,2025-02-27 14:29:05.72,,4,243
617,1.00,LITRO,10.60,2025-02-27 14:29:05.72,2025-02-27 14:29:05.72,,5,244
618,2.00,UNID,2.40,2025-02-27 14:29:05.72,2025-02-27 14:29:05.72,,13,244
619,3.00,LITRO,6.99,2025-02-27 14:29:05.72,2025-02-27 14:29:05.72,,1,245
620,2.00,LITRO,7.08,2025-02-27 14:29:05.72,2025-02-27 14:29:05.72,,4,245
621,2.50,KG,31.40,2025-02-27 14:29:05.72,2025-02-27 14:29:05.72,,23,246
622,2.00,KG,117.32,2025-02-27 14:29:05.72,2025-02-27 14:29:05.72,,28,247
623,2.00,KG,90.32,2025-02-27 14:29:05.72,2025-02-27 14:29:05.72,,27,247
624,1.00,LITRO,4.40,2025-02-27 14:29:05.72,2025-02-27 14:29:05.72,,2,248
625,4.00,UNID,2.40,2025-02-27 14:29:05.72,2025-02-27 14:29:05.72,,13,248
626,2.50,KG,31.40,2025-02-27 14:29:05.72,2025-02-27 14:29:05.72,,25,248
627,3.00,LITRO,6.99,2025-02-27 14:29:05.72,2025-02-27 14:29:05.72,,1,249
628,2.00,LITRO,7.08,2025-02-27 14:29:05.72,2025-02-27 14:29:05.72,,4,249
629,5.00,LITRO,10.00,2025-02-27 14:29:05.72,2025-02-27 14:29:05.72,,19,250
630,1.00,LITRO,7.08,2025-02-27 14:29:05.72,2025-02-27 14:29:05.72,,3,250
631,2.00,KG,31.40,2025-02-27 14:29:05.72,2025-02-27 14:29:05.72,,25,250
632,1.00,LITRO,6.99,2025-02-27 14:29:05.72,2025-02-27 14:29:05.72,,1,251
633,3.00,UNID,2.40,2025-02-27 14:29:05.72,2025-02-27 14:29:05.72,,13,251
634,3.00,LITRO,6.99,2025-02-27 14:29:05.72,2025-02-27 14:29:05.72,,1,252
635,2.00,LITRO,7.08,2025-02-27 14:29:05.72,2025-02-27 14:29:05.72,,4,252
636,6.00,KG,117.32,2025-02-27 14:29:05.72,2025-02-27 14:29:05.72,,28,253
637,2.00,KG,90.32,2025-02-27 14:29:05.72,2025-02-27 14:29:05.72,,27,253
638,1.00,LITRO,6.99,2025-02-27 14:29:05.72,2025-02-27 14:29:05.72,,1,254
639,0.50,LITRO,7.08,2025-02-27 14:29:05.72,2025-02-27 14:29:05.72,,4,254
640,1.00,LITRO,7.08,2025-02-27 14:29:05.72,2025-02-27 14:29:05.72,,3,255
641,2.00,LITRO,6.99,2025-02-27 14:29:05.72,2025-02-27 14:29:05.72,,1,256
642,2.00,LITRO,7.08,2025-02-27 14:29:05.72,2025-02-27 14:29:05.72,,3,256
643,3.00,UNID,2.40,2025-02-27 14:29:05.72,2025-02-27 14:29:05.72,,13,256
644,5.00,LITRO,10.00,2025-02-27 14:29:05.72,2025-02-27 14:29:05.72,,19,256
645,2.00,LITRO,4.40,2025-02-27 14:29:05.72,2025-02-27 14:29:05.72,,2,256
646,5.00,KG,35.68,2025-02-27 14:29:05.72,2025-02-27 14:29:05.72,,11,257
647,2.00,UNID,2.40,2025-02-27 14:29:05.72,2025-02-27 14:29:05.72,,13,258
648,5.00,LITRO,10.00,2025-02-27 14:29:05.72,2025-02-27 14:29:05.72,,19,258
649,3.00,LITRO,6.99,2025-02-27 14:29:05.72,2025-02-27 14:29:05.72,,1,259
650,2.00,LITRO,7.08,2025-02-27 14:29:05.72,2025-02-27 14:29:05.72,,4,259
651,1.00,LITRO,6.99,2025-02-27 14:29:05.72,2025-02-27 14:29:05.72,,1,260
652,0.50,LITRO,7.08,2025-02-27 14:29:05.72,2025-02-27 14:29:05.72,,4,260
653,4.00,KG,117.32,2025-02-27 14:29:05.72,2025-02-27 14:29:05.72,,28,261
654,2.00,LITRO,10.00,2025-02-27 14:29:05.72,2025-02-27 14:29:05.72,,19,262
655,4.00,UNID,2.40,2025-02-27 14:29:05.72,2025-02-27 14:29:05.72,,13,262
656,5.00,KG,31.40,2025-02-27 14:29:05.72,2025-02-27 14:29:05.72,,22,262
657,2.50,KG,31.40,2025-02-27 14:29:05.72,2025-02-27 14:29:05.72,,25,262
658,1.00,LITRO,11.22,2025-02-27 14:29:05.72,2025-02-27 14:29:05.72,,3,262
659,20.00,KG,35.18,2025-02-27 14:29:05.72,2025-02-27 14:29:05.72,,7,263
660,2.00,LITRO,10.00,2025-02-27 14:29:05.72,2025-02-27 14:29:05.72,,19,264
661,1.00,LITRO,11.22,2025-02-27 14:29:05.72,2025-02-27 14:29:05.72,,3,264
662,10.00,KG,31.40,2025-02-27 14:29:05.72,2025-02-27 14:29:05.72,,22,264
663,10.00,KG,31.40,2025-02-27 14:29:05.72,2025-02-27 14:29:05.72,,24,264
664,10.00,KG,31.40,2025-02-27 14:29:05.72,2025-02-27 14:29:05.72,,23,264
665,1.00,LITRO,6.99,2025-02-27 14:29:05.72,2025-02-27 14:29:05.72,,1,264
666,4.00,UNID,2.40,2025-02-27 14:29:05.72,2025-02-27 14:29:05.72,,13,264
667,3.00,LITRO,6.99,2025-02-27 14:29:05.72,2025-02-27 14:29:05.72,,1,265
668,2.00,LITRO,7.08,2025-02-27 14:29:05.72,2025-02-27 14:29:05.72,,4,265
669,1.00,LITRO,6.99,2025-02-27 14:29:05.72,2025-02-27 14:29:05.72,,1,266
670,1.00,LITRO,11.22,2025-02-27 14:29:05.72,2025-02-27 14:29:05.72,,3,266
671,5.00,KG,31.40,2025-02-27 14:29:05.72,2025-02-27 14:29:05.72,,22,266
672,5.00,KG,31.40,2025-02-27 14:29:05.72,2025-02-27 14:29:05.72,,24,266
673,2.50,KG,31.40,2025-02-27 14:29:05.72,2025-02-27 14:29:05.72,,23,266
674,1.00,KG,26.90,2025-02-27 14:29:05.72,2025-02-27 14:29:05.72,,6,266
675,1.00,LITRO,6.99,2025-02-27 14:29:05.72,2025-02-27 14:29:05.72,,1,267
676,0.50,LITRO,7.08,2025-02-27 14:29:05.72,2025-02-27 14:29:05.72,,4,267
677,1.00,KG,26.90,2025-02-27 14:29:05.72,2025-02-27 14:29:05.72,,6,268
678,2.50,KG,31.40,2025-02-27 14:29:05.72,2025-02-27 14:29:05.72,,22,268
679,2.50,KG,31.40,2025-02-27 14:29:05.72,2025-02-27 14:29:05.72,,23,268
680,3.00,LITRO,6.99,2025-02-27 14:29:05.72,2025-02-27 14:29:05.72,,1,269
681,2.00,LITRO,7.08,2025-02-27 14:29:05.72,2025-02-27 14:29:05.72,,4,269
682,1.50,LITRO,6.99,2025-02-27 14:29:05.72,2025-02-27 14:29:05.72,,1,270
683,1.00,LITRO,7.08,2025-02-27 14:29:05.72,2025-02-27 14:29:05.72,,4,270
684,2.00,UNID,2.40,2025-02-27 14:29:05.72,2025-02-27 14:29:05.72,,13,271
685,1.00,LITRO,6.99,2025-02-27 14:29:05.72,2025-02-27 14:29:05.72,,1,272
686,0.50,LITRO,7.08,2025-02-27 14:29:05.72,2025-02-27 14:29:05.72,,4,272
687,3.00,LITRO,6.99,2025-02-27 14:29:05.72,2025-02-27 14:29:05.72,,1,273
688,2.00,LITRO,7.08,2025-02-27 14:29:05.72,2025-02-27 14:29:05.72,,4,273
689,1.00,LITRO,6.99,2025-02-27 14:29:05.72,2025-02-27 14:29:05.72,,1,274
690,10.00,KG,31.40,2025-02-27 14:29:05.72,2025-02-27 14:29:05.72,,24,274
691,3.00,UNID,2.40,2025-02-27 14:29:05.72,2025-02-27 14:29:05.72,,13,274
692,13.60,KG,27.00,2025-02-27 14:29:05.72,2025-02-27 14:29:05.72,,21,275
693,1.50,LITRO,6.99,2025-02-27 14:29:05.72,2025-02-27 14:29:05.72,,1,276
694,1.00,LITRO,7.08,2025-02-27 14:29:05.72,2025-02-27 14:29:05.72,,4,276
695,1.00,LITRO,10.60,2025-02-27 14:29:05.72,2025-02-27 14:29:05.72,,5,277
696,1.00,LITRO,11.22,2025-02-27 14:29:05.72,2025-02-27 14:29:05.72,,3,277
697,2.00,UNID,2.40,2025-02-27 14:29:05.72,2025-02-27 14:29:05.72,,13,277
698,1.00,LITRO,6.99,2025-02-27 14:29:05.72,2025-02-27 14:29:05.72,,1,278
699,1.00,LITRO,10.60,2025-02-27 14:29:05.72,2025-02-27 14:29:05.72,,5,278
700,2.00,LITRO,10.00,2025-02-27 14:29:05.72,2025-02-27 14:29:05.72,,19,278
701,2.50,KG,31.40,2025-02-27 14:29:05.72,2025-02-27 14:29:05.72,,24,278
702,2.50,KG,31.40,2025-02-27 14:29:05.72,2025-02-27 14:29:05.72,,22,278
703,2.50,KG,31.40,2025-02-27 14:29:05.72,2025-02-27 14:29:05.72,,23,278
704,3.00,LITRO,6.99,2025-02-27 14:29:05.72,2025-02-27 14:29:05.72,,1,279
705,2.00,LITRO,7.08,2025-02-27 14:29:05.72,2025-02-27 14:29:05.72,,4,279
709,1.50,LITRO,6.99,2025-02-27 14:29:05.72,2025-02-27 14:29:05.72,,1,281
710,1.00,LITRO,7.08,2025-02-27 14:29:05.72,2025-02-27 14:29:05.72,,4,281
711,3.00,UNID,2.40,2025-02-27 14:29:05.72,2025-02-27 14:29:05.72,,13,282
712,1.00,LITRO,11.22,2025-02-27 14:29:05.72,2025-02-27 14:29:05.72,,3,282
713,2.50,KG,31.40,2025-02-27 14:29:05.72,2025-02-27 14:29:05.72,,22,282
714,1.00,LITRO,11.22,2025-02-27 14:29:05.72,2025-02-27 14:29:05.72,,3,283
715,2.00,LITRO,6.99,2025-02-27 14:29:05.72,2025-02-27 14:29:05.72,,1,283
716,5.00,UNID,2.40,2025-02-27 14:29:05.72,2025-02-27 14:29:05.72,,13,283
717,1.00,LITRO,6.99,2025-02-27 14:29:05.72,2025-02-27 14:29:05.72,,1,284
718,0.50,LITRO,7.08,2025-02-27 14:29:05.72,2025-02-27 14:29:05.72,,4,284
719,1.00,UNID,16.00,2025-02-27 14:29:05.72,2025-02-27 14:29:05.72,,10,285
720,1.00,LITRO,6.99,2025-02-27 14:29:05.72,2025-02-27 14:29:05.72,,1,286
721,0.50,LITRO,7.08,2025-02-27 14:29:05.72,2025-02-27 14:29:05.72,,4,286
722,3.00,LITRO,6.99,2025-02-27 14:29:05.72,2025-02-27 14:29:05.72,,1,287
723,2.00,LITRO,7.08,2025-02-27 14:29:05.72,2025-02-27 14:29:05.72,,4,287
724,2.50,KG,31.40,2025-02-27 14:29:05.72,2025-02-27 14:29:05.72,,24,288
725,2.50,KG,31.40,2025-02-27 14:29:05.72,2025-02-27 14:29:05.72,,23,288
726,2.50,KG,31.40,2025-02-27 14:29:05.72,2025-02-27 14:29:05.72,,22,288
727,2.50,KG,31.40,2025-02-27 14:29:05.72,2025-02-27 14:29:05.72,,25,288
728,1.00,LITRO,6.99,2025-02-27 14:29:05.72,2025-02-27 14:29:05.72,,1,289
729,1.00,LITRO,11.22,2025-02-27 14:29:05.72,2025-02-27 14:29:05.72,,3,289
730,2.00,KG,26.90,2025-02-27 14:29:05.72,2025-02-27 14:29:05.72,,6,289
731,2.50,KG,31.40,2025-02-27 14:29:05.72,2025-02-27 14:29:05.72,,24,289
732,2.50,KG,31.40,2025-02-27 14:29:05.72,2025-02-27 14:29:05.72,,23,289
733,2.50,KG,31.40,2025-02-27 14:29:05.72,2025-02-27 14:29:05.72,,25,289
734,2.50,KG,31.40,2025-02-27 14:29:05.72,2025-02-27 14:29:05.72,,22,289
735,2.00,UNID,2.40,2025-02-27 14:29:05.72,2025-02-27 14:29:05.72,,13,290
736,1.50,LITRO,6.99,2025-02-27 14:29:05.72,2025-02-27 14:29:05.72,,1,291
737,1.00,LITRO,7.08,2025-02-27 14:29:05.72,2025-02-27 14:29:05.72,,4,291
738,20.00,KG,35.18,2025-02-27 14:29:05.72,2025-02-27 14:29:05.72,,7,292
739,3.00,LITRO,6.99,2025-02-27 14:29:05.72,2025-02-27 14:29:05.72,,1,293
740,2.00,LITRO,7.08,2025-02-27 14:29:05.72,2025-02-27 14:29:05.72,,4,293
741,1.00,LITRO,6.99,2025-02-27 14:29:05.72,2025-02-27 14:29:05.72,,1,294
742,1.00,LITRO,11.22,2025-02-27 14:29:05.72,2025-02-27 14:29:05.72,,3,294
743,2.00,KG,97.02,2025-02-27 14:29:05.72,2025-02-27 14:29:05.72,,26,294
744,13.05,KG,27.00,2025-02-27 14:29:05.72,2025-02-27 14:29:05.72,,21,295
745,1.00,LITRO,6.99,2025-02-27 14:29:05.72,2025-02-27 14:29:05.72,,1,296
746,0.50,LITRO,7.08,2025-02-27 14:29:05.72,2025-02-27 14:29:05.72,,4,296
747,2.50,KG,31.40,2025-02-27 14:29:05.72,2025-02-27 14:29:05.72,,24,297
748,1.00,LITRO,4.40,2025-02-27 14:29:05.72,2025-02-27 14:29:05.72,,2,298
749,3.00,LITRO,6.99,2025-02-27 14:29:05.72,2025-02-27 14:29:05.72,,1,299
750,2.00,LITRO,7.08,2025-02-27 14:29:05.72,2025-02-27 14:29:05.72,,4,299
751,2.00,LITRO,10.00,2025-02-27 14:29:05.72,2025-02-27 14:29:05.72,,19,300
752,2.50,KG,31.40,2025-02-27 14:29:05.72,2025-02-27 14:29:05.72,,22,300
753,2.50,KG,31.40,2025-02-27 14:29:05.72,2025-02-27 14:29:05.72,,23,300
754,3.00,UNID,2.40,2025-02-27 14:29:05.72,2025-02-27 14:29:05.72,,13,300
755,1.00,LITRO,4.40,2025-02-27 14:29:05.72,2025-02-27 14:29:05.72,,2,300
756,1.00,UNID,16.00,2025-02-27 14:29:05.72,2025-02-27 14:29:05.72,,10,301
757,3.00,LITRO,6.99,2025-02-27 14:29:05.72,2025-02-27 14:29:05.72,,1,302
758,2.00,LITRO,7.08,2025-02-27 14:29:05.72,2025-02-27 14:29:05.72,,4,302
759,1.00,LITRO,6.99,2025-02-27 14:29:05.72,2025-02-27 14:29:05.72,,1,303
760,0.50,LITRO,7.08,2025-02-27 14:29:05.72,2025-02-27 14:29:05.72,,4,303
761,1.00,LITRO,6.99,2025-02-27 14:29:05.72,2025-02-27 14:29:05.72,,1,304
762,1.00,LITRO,11.22,2025-02-27 14:29:05.72,2025-02-27 14:29:05.72,,3,304
763,2.50,KG,31.40,2025-02-27 14:29:05.72,2025-02-27 14:29:05.72,,24,304
764,2.50,KG,31.40,2025-02-27 14:29:05.72,2025-02-27 14:29:05.72,,23,304
765,2.50,KG,31.40,2025-02-27 14:29:05.72,2025-02-27 14:29:05.72,,22,304
766,3.00,UNID,2.40,2025-02-27 14:29:05.72,2025-02-27 14:29:05.72,,13,304
767,1.00,LITRO,4.40,2025-02-27 14:29:05.72,2025-02-27 14:29:05.72,,2,304
768,1.00,LITRO,6.99,2025-02-27 14:29:05.72,2025-02-27 14:29:05.72,,1,305
769,5.00,KG,31.40,2025-02-27 14:29:05.72,2025-02-27 14:29:05.72,,22,305
770,1.00,LITRO,6.99,2025-02-27 14:29:05.72,2025-02-27 14:29:05.72,,1,306
771,0.50,LITRO,7.08,2025-02-27 14:29:05.72,2025-02-27 14:29:05.72,,4,306
772,1.00,LITRO,4.40,2025-02-27 14:29:05.72,2025-02-27 14:29:05.72,,2,307
773,3.00,LITRO,6.99,2025-02-27 14:29:05.72,2025-02-27 14:29:05.72,,1,308
774,2.00,LITRO,7.08,2025-02-27 14:29:05.72,2025-02-27 14:29:05.72,,4,308
775,1.00,LITRO,11.22,2025-02-27 14:29:05.72,2025-02-27 14:29:05.72,,3,309
776,3.00,LITRO,6.99,2025-02-27 14:29:05.72,2025-02-27 14:29:05.72,,1,310
777,2.00,LITRO,7.08,2025-02-27 14:29:05.72,2025-02-27 14:29:05.72,,4,310
778,1.00,LITRO,11.22,2025-02-27 14:29:05.72,2025-02-27 14:29:05.72,,3,311
779,5.00,KG,31.40,2025-02-27 14:29:05.72,2025-02-27 14:29:05.72,,23,311
780,5.00,KG,31.40,2025-02-27 14:29:05.72,2025-02-27 14:29:05.72,,22,311
781,10.00,KG,31.40,2025-02-27 14:29:05.72,2025-02-27 14:29:05.72,,24,311
782,2.00,LITRO,10.00,2025-02-27 14:29:05.72,2025-02-27 14:29:05.72,,19,311
783,1.00,LITRO,6.99,2025-02-27 14:29:05.72,2025-02-27 14:29:05.72,,1,311
784,1.00,LITRO,6.99,2025-02-27 14:29:05.72,2025-02-27 14:29:05.72,,1,312
785,0.50,LITRO,7.08,2025-02-27 14:29:05.72,2025-02-27 14:29:05.72,,4,312
786,1.00,LITRO,10.60,2025-02-27 14:29:05.72,2025-02-27 14:29:05.72,,5,313
787,1.00,LITRO,11.22,2025-02-27 14:29:05.72,2025-02-27 14:29:05.72,,3,313
788,20.00,KG,35.18,2025-02-27 14:29:05.72,2025-02-27 14:29:05.72,,7,314
789,5.00,KG,8.52,2025-02-27 14:29:05.72,2025-02-27 14:29:05.72,,33,315
790,3.00,LITRO,6.99,2025-02-27 14:29:05.72,2025-02-27 14:29:05.72,,1,316
791,2.00,LITRO,7.08,2025-02-27 14:29:05.72,2025-02-27 14:29:05.72,,4,316
792,2.00,LITRO,6.99,2025-02-27 14:29:05.72,2025-02-27 14:29:05.72,,1,317
793,1.00,LITRO,11.22,2025-02-27 14:29:05.72,2025-02-27 14:29:05.72,,3,317
794,3.00,UNID,2.40,2025-02-27 14:29:05.72,2025-02-27 14:29:05.72,,13,317
795,1.00,LITRO,6.99,2025-02-27 14:29:05.72,2025-02-27 14:29:05.72,,1,318
796,2.50,KG,31.40,2025-02-27 14:29:05.72,2025-02-27 14:29:05.72,,22,318
797,3.00,LITRO,6.99,2025-02-27 14:29:05.72,2025-02-27 14:29:05.72,,1,319
798,2.00,LITRO,7.08,2025-02-27 14:29:05.72,2025-02-27 14:29:05.72,,4,319
799,1.00,LITRO,6.99,2025-02-27 14:29:05.72,2025-02-27 14:29:05.72,,1,320
800,4.00,UNID,2.40,2025-02-27 14:29:05.72,2025-02-27 14:29:05.72,,13,320
801,2.00,LITRO,10.00,2025-02-27 14:29:05.72,2025-02-27 14:29:05.72,,19,320
802,1.00,LITRO,11.22,2025-02-27 14:29:05.72,2025-02-27 14:29:05.72,,3,320
803,1.00,LITRO,6.99,2025-02-27 14:29:05.72,2025-02-27 14:29:05.72,,1,321
804,0.50,LITRO,7.08,2025-02-27 14:29:05.72,2025-02-27 14:29:05.72,,4,321
805,2.00,UNID,2.40,2025-02-27 14:29:05.72,2025-02-27 14:29:05.72,,13,322
806,1.00,LITRO,6.99,2025-02-27 14:29:05.72,2025-02-27 14:29:05.72,,1,322
807,2.00,UNID,10.00,2025-02-27 14:29:05.72,2025-02-27 14:29:05.72,,12,323
808,3.00,LITRO,6.99,2025-02-27 14:29:05.72,2025-02-27 14:29:05.72,,1,324
809,2.00,LITRO,7.08,2025-02-27 14:29:05.72,2025-02-27 14:29:05.72,,4,324
810,1.00,LITRO,6.99,2025-02-27 14:29:05.72,2025-02-27 14:29:05.72,,1,325
811,0.50,LITRO,7.08,2025-02-27 14:29:05.72,2025-02-27 14:29:05.72,,4,325
812,5.00,LITRO,10.00,2025-02-27 14:29:05.72,2025-02-27 14:29:05.72,,19,326
813,5.00,LITRO,10.00,2025-02-27 14:29:05.72,2025-02-27 14:29:05.72,,19,327
814,2.00,UNID,2.40,2025-02-27 14:29:05.72,2025-02-27 14:29:05.72,,13,328
815,1.00,LITRO,11.22,2025-02-27 14:29:05.72,2025-02-27 14:29:05.72,,3,328
816,9.00,LITRO,6.99,2025-02-27 14:29:05.72,2025-02-27 14:29:05.72,,1,329
817,6.00,LITRO,7.08,2025-02-27 14:29:05.72,2025-02-27 14:29:05.72,,4,329
818,3.00,UNID,2.40,2025-02-27 14:29:05.72,2025-02-27 14:29:05.72,,13,330
819,1.00,LITRO,11.22,2025-02-27 14:29:05.72,2025-02-27 14:29:05.72,,3,330
820,2.00,LITRO,6.99,2025-02-27 14:29:05.72,2025-02-27 14:29:05.72,,1,330
821,1.00,LITRO,4.40,2025-02-27 14:29:05.72,2025-02-27 14:29:05.72,,2,330
822,2.50,KG,31.40,2025-02-27 14:29:05.72,2025-02-27 14:29:05.72,,25,330
823,2.50,KG,31.40,2025-02-27 14:29:05.72,2025-02-27 14:29:05.72,,22,330
824,2.50,KG,31.40,2025-02-27 14:29:05.72,2025-02-27 14:29:05.72,,23,330
825,2.50,KG,31.40,2025-02-27 14:29:05.72,2025-02-27 14:29:05.72,,24,330
826,2.00,LITRO,11.22,2025-02-27 14:29:05.72,2025-02-27 14:29:05.72,,3,331
827,2.00,LITRO,10.00,2025-02-27 14:29:05.72,2025-02-27 14:29:05.72,,19,331
828,4.00,UNID,2.40,2025-02-27 14:29:05.72,2025-02-27 14:29:05.72,,13,331
829,1.00,LITRO,10.60,2025-02-27 14:29:05.72,2025-02-27 14:29:05.72,,5,331
830,5.00,KG,31.40,2025-02-27 14:29:05.72,2025-02-27 14:29:05.72,,25,331
831,1.00,LITRO,6.99,2025-02-27 14:29:05.72,2025-02-27 14:29:05.72,,1,332
832,1.00,LITRO,7.08,2025-02-27 14:29:05.72,2025-02-27 14:29:05.72,,4,332
833,1.00,LITRO,11.22,2025-02-27 14:29:05.72,2025-02-27 14:29:05.72,,3,333
834,1.00,LITRO,6.99,2025-02-27 14:29:05.72,2025-02-27 14:29:05.72,,1,334
835,0.50,LITRO,7.08,2025-02-27 14:29:05.72,2025-02-27 14:29:05.72,,4,334
836,3.00,LITRO,6.99,2025-02-27 14:29:05.72,2025-02-27 14:29:05.72,,1,335
837,2.00,LITRO,7.08,2025-02-27 14:29:05.72,2025-02-27 14:29:05.72,,4,335
838,1.00,LITRO,6.99,2025-02-27 14:29:05.72,2025-02-27 14:29:05.72,,1,336
839,2.00,LITRO,11.22,2025-02-27 14:29:05.72,2025-02-27 14:29:05.72,,3,336
840,0.60,LITRO,4.40,2025-02-27 14:29:05.72,2025-02-27 14:29:05.72,,2,336
841,5.00,KG,31.40,2025-02-27 14:29:05.72,2025-02-27 14:29:05.72,,22,336
842,4.00,UNID,2.40,2025-02-27 14:29:05.72,2025-02-27 14:29:05.72,,13,336
843,1.00,LITRO,11.22,2025-02-27 14:29:05.72,2025-02-27 14:29:05.72,,3,337
844,2.00,LITRO,6.99,2025-02-27 14:29:05.72,2025-02-27 14:29:05.72,,1,337
845,1.00,UNID,2.40,2025-02-27 14:29:05.72,2025-02-27 14:29:05.72,,13,337
846,9.00,LITRO,6.99,2025-02-27 14:29:05.72,2025-02-27 14:29:05.72,,1,338
847,6.00,LITRO,7.08,2025-02-27 14:29:05.72,2025-02-27 14:29:05.72,,4,338
848,3.00,LITRO,6.99,2025-02-27 14:29:05.72,2025-02-27 14:29:05.72,,1,339
849,2.00,LITRO,7.08,2025-02-27 14:29:05.72,2025-02-27 14:29:05.72,,4,339
850,1.00,LITRO,6.99,2025-02-27 14:29:05.72,2025-02-27 14:29:05.72,,1,340
851,0.50,LITRO,7.08,2025-02-27 14:29:05.72,2025-02-27 14:29:05.72,,4,340
852,1.00,UNID,2.40,2025-02-27 14:29:05.72,2025-02-27 14:29:05.72,,13,341
853,3.00,LITRO,6.99,2025-02-27 14:29:05.72,2025-02-27 14:29:05.72,,1,342
854,2.00,LITRO,7.08,2025-02-27 14:29:05.72,2025-02-27 14:29:05.72,,4,342
855,1.00,LITRO,11.22,2025-02-27 14:29:05.72,2025-02-27 14:29:05.72,,3,343
856,1.00,LITRO,11.22,2025-02-27 14:29:05.72,2025-02-27 14:29:05.72,,3,344
857,1.00,LITRO,6.99,2025-02-27 14:29:05.72,2025-02-27 14:29:05.72,,1,345
858,0.50,LITRO,7.08,2025-02-27 14:29:05.72,2025-02-27 14:29:05.72,,4,345
859,1.00,LITRO,4.40,2025-02-27 14:29:05.72,2025-02-27 14:29:05.72,,2,346
860,1.00,UNID,2.40,2025-02-27 14:29:05.72,2025-02-27 14:29:05.72,,13,346
861,1.00,LITRO,11.22,2025-02-27 14:29:05.72,2025-02-27 14:29:05.72,,3,347
862,1.00,LITRO,6.99,2025-02-27 14:29:05.72,2025-02-27 14:29:05.72,,1,347
863,4.00,UNID,2.40,2025-02-27 14:29:05.72,2025-02-27 14:29:05.72,,13,347
864,5.00,KG,31.40,2025-02-27 14:29:05.72,2025-02-27 14:29:05.72,,25,347
865,1.00,UNID,10.00,2025-02-27 14:29:05.72,2025-02-27 14:29:05.72,,12,348
866,1.00,LITRO,11.22,2025-02-27 14:29:05.72,2025-02-27 14:29:05.72,,3,348
867,1.00,LITRO,6.99,2025-02-27 14:29:05.72,2025-02-27 14:29:05.72,,1,348
868,1.00,LITRO,4.40,2025-02-27 14:29:05.72,2025-02-27 14:29:05.72,,2,348
869,2.50,KG,31.40,2025-02-27 14:29:05.72,2025-02-27 14:29:05.72,,22,348
870,2.50,KG,31.40,2025-02-27 14:29:05.72,2025-02-27 14:29:05.72,,23,348
871,2.50,KG,31.40,2025-02-27 14:29:05.72,2025-02-27 14:29:05.72,,24,348
872,2.50,KG,31.40,2025-02-27 14:29:05.72,2025-02-27 14:29:05.72,,25,348
873,5.00,LITRO,10.00,2025-02-27 14:29:05.72,2025-02-27 14:29:05.72,,19,349
874,1.00,LITRO,11.22,2025-02-27 14:29:05.72,2025-02-27 14:29:05.72,,3,349
875,1.00,LITRO,10.60,2025-02-27 14:29:05.72,2025-02-27 14:29:05.72,,5,349
876,3.00,LITRO,6.99,2025-02-27 14:29:05.72,2025-02-27 14:29:05.72,,1,350
877,2.00,LITRO,7.08,2025-02-27 14:29:05.72,2025-02-27 14:29:05.72,,4,350
878,3.00,LITRO,6.99,2025-02-27 14:29:05.72,2025-02-27 14:29:05.72,,1,351
879,2.00,LITRO,7.08,2025-02-27 14:29:05.72,2025-02-27 14:29:05.72,,4,351
880,3.00,LITRO,6.99,2025-02-27 14:29:05.72,2025-02-27 14:29:05.72,,1,352
881,2.00,LITRO,7.08,2025-02-27 14:29:05.72,2025-02-27 14:29:05.72,,4,352
882,3.00,LITRO,6.99,2025-02-27 14:29:05.72,2025-02-27 14:29:05.72,,1,353
883,2.00,LITRO,7.08,2025-02-27 14:29:05.72,2025-02-27 14:29:05.72,,4,353
884,3.00,LITRO,6.99,2025-02-27 14:29:05.72,2025-02-27 14:29:05.72,,1,354
885,2.00,LITRO,7.08,2025-02-27 14:29:05.72,2025-02-27 14:29:05.72,,4,354
886,3.00,LITRO,6.99,2025-02-27 14:29:05.72,2025-02-27 14:29:05.72,,1,355
887,2.00,LITRO,7.08,2025-02-27 14:29:05.72,2025-02-27 14:29:05.72,,4,355
888,3.00,LITRO,6.99,2025-02-27 14:29:05.72,2025-02-27 14:29:05.72,,1,356
889,2.00,LITRO,7.08,2025-02-27 14:29:05.72,2025-02-27 14:29:05.72,,4,356
890,3.00,LITRO,6.99,2025-02-27 14:29:05.72,2025-02-27 14:29:05.72,,1,357
891,2.00,LITRO,7.08,2025-02-27 14:29:05.72,2025-02-27 14:29:05.72,,4,357
892,3.00,LITRO,6.99,2025-02-27 14:29:05.72,2025-02-27 14:29:05.72,,1,358
893,2.00,LITRO,7.08,2025-02-27 14:29:05.72,2025-02-27 14:29:05.72,,4,358
894,3.00,LITRO,6.99,2025-02-27 14:29:05.72,2025-02-27 14:29:05.72,,1,359
895,2.00,LITRO,7.08,2025-02-27 14:29:05.72,2025-02-27 14:29:05.72,,4,359
896,3.00,LITRO,6.99,2025-02-27 14:29:05.72,2025-02-27 14:29:05.72,,1,360
897,2.00,LITRO,7.08,2025-02-27 14:29:05.72,2025-02-27 14:29:05.72,,4,360
898,3.00,LITRO,6.99,2025-02-27 14:29:05.72,2025-02-27 14:29:05.72,,1,361
899,2.00,LITRO,7.08,2025-02-27 14:29:05.72,2025-02-27 14:29:05.72,,4,361
900,3.00,LITRO,6.99,2025-02-27 14:29:05.72,2025-02-27 14:29:05.72,,1,362
901,2.00,LITRO,7.08,2025-02-27 14:29:05.72,2025-02-27 14:29:05.72,,4,362
902,3.00,LITRO,6.99,2025-02-27 14:29:05.72,2025-02-27 14:29:05.72,,1,363
903,2.00,LITRO,7.08,2025-02-27 14:29:05.72,2025-02-27 14:29:05.72,,4,363
904,2.00,LITRO,10.00,2025-02-27 14:29:05.72,2025-02-27 14:29:05.72,,19,364
905,1.00,LITRO,6.99,2025-02-27 14:29:05.72,2025-02-27 14:29:05.72,,1,364
906,5.00,KG,31.40,2025-02-27 14:29:05.72,2025-02-27 14:29:05.72,,22,364
907,5.00,KG,31.40,2025-02-27 14:29:05.72,2025-02-27 14:29:05.72,,25,364
908,4.00,UNID,2.40,2025-02-27 14:29:05.72,2025-02-27 14:29:05.72,,13,364
909,1.00,KG,26.90,2025-02-27 14:29:05.72,2025-02-27 14:29:05.72,,6,364
910,1.00,LITRO,6.99,2025-02-27 14:29:05.72,2025-02-27 14:29:05.72,,1,365
911,0.50,LITRO,7.08,2025-02-27 14:29:05.72,2025-02-27 14:29:05.72,,4,365
912,1.00,UNID,108.54,2025-02-27 14:29:05.72,2025-02-27 14:29:05.72,,31,366
913,5.00,LITRO,10.00,2025-02-27 14:29:05.72,2025-02-27 14:29:05.72,,19,367
914,1.00,LITRO,11.22,2025-02-27 14:29:05.72,2025-02-27 14:29:05.72,,3,367
915,3.00,UNID,2.40,2025-02-27 14:29:05.72,2025-02-27 14:29:05.72,,13,367
916,1.00,LITRO,6.99,2025-02-27 14:29:05.72,2025-02-27 14:29:05.72,,1,368
917,0.50,LITRO,7.08,2025-02-27 14:29:05.72,2025-02-27 14:29:05.72,,4,368
918,1.00,KG,26.90,2025-02-27 14:29:05.72,2025-02-27 14:29:05.72,,6,369
919,1.20,KG,8.52,2025-02-27 14:29:05.72,2025-02-27 14:29:05.72,,33,370
920,1.00,LITRO,6.99,2025-02-27 14:29:05.72,2025-02-27 14:29:05.72,,1,371
921,0.50,LITRO,7.08,2025-02-27 14:29:05.72,2025-02-27 14:29:05.72,,4,371
922,1.00,LITRO,11.22,2025-02-27 14:29:05.72,2025-02-27 14:29:05.72,,3,372
923,0.60,LITRO,4.40,2025-02-27 14:29:05.72,2025-02-27 14:29:05.72,,2,372
924,3.00,UNID,2.40,2025-02-27 14:29:05.72,2025-02-27 14:29:05.72,,13,372
925,5.00,KG,31.40,2025-02-27 14:29:05.72,2025-02-27 14:29:05.72,,22,372
926,5.00,KG,31.40,2025-02-27 14:29:05.72,2025-02-27 14:29:05.72,,24,372
927,5.00,KG,31.40,2025-02-27 14:29:05.72,2025-02-27 14:29:05.72,,23,372
928,1.50,LITRO,6.99,2025-02-27 14:29:05.72,2025-02-27 14:29:05.72,,1,373
929,1.00,LITRO,7.08,2025-02-27 14:29:05.72,2025-02-27 14:29:05.72,,4,373
930,2.00,UNID,2.40,2025-02-27 14:29:05.72,2025-02-27 14:29:05.72,,13,374
931,2.50,KG,31.40,2025-02-27 14:29:05.72,2025-02-27 14:29:05.72,,22,375
932,2.50,KG,31.40,2025-02-27 14:29:05.72,2025-02-27 14:29:05.72,,24,375
933,2.50,KG,31.40,2025-02-27 14:29:05.72,2025-02-27 14:29:05.72,,23,375
934,1.00,LITRO,4.40,2025-02-27 14:29:05.72,2025-02-27 14:29:05.72,,2,375
935,1.00,LITRO,11.22,2025-02-27 14:29:05.72,2025-02-27 14:29:05.72,,3,375
936,1.00,LITRO,10.60,2025-02-27 14:29:05.72,2025-02-27 14:29:05.72,,5,375
937,2.00,LITRO,6.99,2025-02-27 14:29:05.72,2025-02-27 14:29:05.72,,1,375
938,3.00,UNID,2.40,2025-02-27 14:29:05.72,2025-02-27 14:29:05.72,,13,375
939,1.00,LITRO,11.22,2025-02-27 14:29:05.72,2025-02-27 14:29:05.72,,3,376
940,1.00,LITRO,6.99,2025-02-27 14:29:05.72,2025-02-27 14:29:05.72,,1,377
941,0.50,LITRO,7.08,2025-02-27 14:29:05.72,2025-02-27 14:29:05.72,,4,377
942,1.00,LITRO,11.22,2025-02-27 14:29:05.72,2025-02-27 14:29:05.72,,3,378
943,2.00,LITRO,10.00,2025-02-27 14:29:05.72,2025-02-27 14:29:05.72,,19,378
944,7.50,KG,31.40,2025-02-27 14:29:05.72,2025-02-27 14:29:05.72,,24,378
945,5.00,KG,31.40,2025-02-27 14:29:05.72,2025-02-27 14:29:05.72,,23,378
946,2.50,KG,31.40,2025-02-27 14:29:05.72,2025-02-27 14:29:05.72,,22,378
947,1.00,KG,26.90,2025-02-27 14:29:05.72,2025-02-27 14:29:05.72,,6,378
948,3.00,UNID,2.40,2025-02-27 14:29:05.72,2025-02-27 14:29:05.72,,13,378
949,2.50,KG,31.40,2025-02-27 14:29:05.72,2025-02-27 14:29:05.72,,25,378
950,1.50,LITRO,6.99,2025-02-27 14:29:05.72,2025-02-27 14:29:05.72,,1,379
951,1.00,LITRO,7.08,2025-02-27 14:29:05.72,2025-02-27 14:29:05.72,,4,379
952,1.20,KG,8.52,2025-02-27 14:29:05.72,2025-02-27 14:29:05.72,,33,380
953,2.50,KG,31.40,2025-02-27 14:29:05.72,2025-02-27 14:29:05.72,,25,381
954,1.00,LITRO,10.60,2025-02-27 14:29:05.72,2025-02-27 14:29:05.72,,5,382
955,1.00,LITRO,6.99,2025-02-27 14:29:05.72,2025-02-27 14:29:05.72,,1,382
956,2.00,UNID,2.40,2025-02-27 14:29:05.72,2025-02-27 14:29:05.72,,13,382
957,2.50,KG,31.40,2025-02-27 14:29:05.72,2025-02-27 14:29:05.72,,25,382
958,2.50,KG,31.40,2025-02-27 14:29:05.72,2025-02-27 14:29:05.72,,25,383
959,2.50,KG,31.40,2025-02-27 14:29:05.72,2025-02-27 14:29:05.72,,24,383
960,2.50,KG,31.40,2025-02-27 14:29:05.72,2025-02-27 14:29:05.72,,23,383
961,2.50,KG,31.40,2025-02-27 14:29:05.72,2025-02-27 14:29:05.72,,22,383
962,3.00,LITRO,6.99,2025-02-27 14:29:05.72,2025-02-27 14:29:05.72,,1,384
963,0.50,LITRO,7.08,2025-02-27 14:29:05.72,2025-02-27 14:29:05.72,,4,384
965,1.00,LITRO,11.22,2025-02-27 14:29:05.72,2025-02-27 14:29:05.72,,3,385
966,2.00,UNID,2.40,2025-02-27 14:29:05.72,2025-02-27 14:29:05.72,,13,385
967,1.00,LITRO,11.22,2025-02-27 14:29:05.72,2025-02-27 14:29:05.72,,3,386
968,3.00,UNID,2.40,2025-02-27 14:29:05.72,2025-02-27 14:29:05.72,,13,386
969,2.00,LITRO,10.00,2025-02-27 14:29:05.72,2025-02-27 14:29:05.72,,19,386
970,1.00,LITRO,11.22,2025-02-27 14:29:05.72,2025-02-27 14:29:05.72,,3,387
971,3.00,UNID,2.40,2025-02-27 14:29:05.72,2025-02-27 14:29:05.72,,13,387
972,6.00,LITRO,6.99,2025-02-27 14:29:05.72,2025-02-27 14:29:05.72,,1,388
973,4.00,LITRO,7.08,2025-02-27 14:29:05.72,2025-02-27 14:29:05.72,,4,388
974,1.00,LITRO,11.22,2025-02-27 14:29:05.72,2025-02-27 14:29:05.72,,3,389
975,2.00,UNID,2.40,2025-02-27 14:29:05.72,2025-02-27 14:29:05.72,,13,389
976,1.00,LITRO,6.99,2025-02-27 14:29:05.72,2025-02-27 14:29:05.72,,1,389
977,1.00,LITRO,10.60,2025-02-27 14:29:05.72,2025-02-27 14:29:05.72,,5,389
978,2.00,KG,97.02,2025-02-27 14:29:05.72,2025-02-27 14:29:05.72,,26,389
979,2.00,KG,117.32,2025-02-27 14:29:05.72,2025-02-27 14:29:05.72,,28,389
980,2.00,KG,90.32,2025-02-27 14:29:05.72,2025-02-27 14:29:05.72,,27,389
981,1.50,LITRO,6.99,2025-02-27 14:29:05.72,2025-02-27 14:29:05.72,,1,390
982,1.00,LITRO,7.08,2025-02-27 14:29:05.72,2025-02-27 14:29:05.72,,4,390
983,1.00,LITRO,6.99,2025-02-27 14:29:05.72,2025-02-27 14:29:05.72,,1,391
984,0.50,LITRO,7.08,2025-02-27 14:29:05.72,2025-02-27 14:29:05.72,,4,391
985,1.00,LITRO,11.22,2025-02-27 14:29:05.72,2025-02-27 14:29:05.72,,3,392
986,2.00,LITRO,6.99,2025-02-27 14:29:05.72,2025-02-27 14:29:05.72,,1,392
987,1.00,LITRO,6.99,2025-02-27 14:29:05.72,2025-02-27 14:29:05.72,,1,393
988,0.50,LITRO,7.08,2025-02-27 14:29:05.72,2025-02-27 14:29:05.72,,4,393
989,3.00,LITRO,6.99,2025-02-27 14:29:05.72,2025-02-27 14:29:05.72,,1,394
990,2.00,LITRO,7.08,2025-02-27 14:29:05.72,2025-02-27 14:29:05.72,,4,394
991,20.00,KG,35.18,2025-02-27 14:29:05.72,2025-02-27 14:29:05.72,,7,395
992,1.00,LITRO,11.22,2025-02-27 14:29:05.72,2025-02-27 14:29:05.72,,3,396
993,5.00,LITRO,10.00,2025-02-27 14:29:05.72,2025-02-27 14:29:05.72,,19,396
994,3.00,UNID,2.40,2025-02-27 14:29:05.72,2025-02-27 14:29:05.72,,13,396
995,1.50,LITRO,6.99,2025-02-27 14:29:05.72,2025-02-27 14:29:05.72,,1,397
996,1.00,LITRO,7.08,2025-02-27 14:29:05.72,2025-02-27 14:29:05.72,,4,397
997,2.00,UNID,2.40,2025-02-27 14:29:05.72,2025-02-27 14:29:05.72,,13,398
998,2.00,KG,117.32,2025-02-27 14:29:05.72,2025-02-27 14:29:05.72,,28,398
999,0.60,LITRO,4.40,2025-02-27 14:29:05.72,2025-02-27 14:29:05.72,,2,399
1000,1.00,LITRO,11.22,2025-02-27 14:29:05.72,2025-02-27 14:29:05.72,,3,399
1001,1.00,LITRO,6.99,2025-02-27 14:29:05.72,2025-02-27 14:29:05.72,,1,399
1002,2.00,LITRO,10.00,2025-02-27 14:29:05.72,2025-02-27 14:29:05.72,,19,399
1003,2.00,UNID,2.40,2025-02-27 14:29:05.72,2025-02-27 14:29:05.72,,13,399
1004,2.00,LITRO,4.40,2025-02-27 14:29:05.72,2025-02-27 14:29:05.72,,2,400
1005,1.00,LITRO,4.40,2025-02-27 14:29:05.72,2025-02-27 14:29:05.72,,2,401
1006,1.00,LITRO,6.99,2025-02-27 14:29:05.72,2025-02-27 14:29:05.72,,1,402
1007,0.50,LITRO,7.08,2025-02-27 14:29:05.72,2025-02-27 14:29:05.72,,4,402
1008,5.00,KG,31.40,2025-02-27 14:29:05.72,2025-02-27 14:29:05.72,,25,403
1009,1.00,LITRO,6.99,2025-02-27 14:29:05.72,2025-02-27 14:29:05.72,,1,404
1010,2.50,KG,31.40,2025-02-27 14:29:05.72,2025-02-27 14:29:05.72,,23,405
1011,2.50,KG,31.40,2025-02-27 14:29:05.72,2025-02-27 14:29:05.72,,22,405
1012,1.00,UNID,16.00,2025-02-27 14:29:05.72,2025-02-27 14:29:05.72,,10,406
1013,2.00,KG,26.90,2025-02-27 14:29:05.72,2025-02-27 14:29:05.72,,6,407
1014,3.00,UNID,2.40,2025-02-27 14:29:05.72,2025-02-27 14:29:05.72,,13,407
1015,1.00,LITRO,6.99,2025-02-27 14:29:05.72,2025-02-27 14:29:05.72,,1,407
1016,1.00,LITRO,11.22,2025-02-27 14:29:05.72,2025-02-27 14:29:05.72,,3,407
1017,2.50,KG,31.40,2025-02-27 14:29:05.72,2025-02-27 14:29:05.72,,25,407
1018,2.50,KG,31.40,2025-02-27 14:29:05.72,2025-02-27 14:29:05.72,,24,407
1019,5.00,KG,31.40,2025-02-27 14:29:05.72,2025-02-27 14:29:05.72,,22,407
1020,2.50,KG,31.40,2025-02-27 14:29:05.72,2025-02-27 14:29:05.72,,23,407
1021,1.00,LITRO,10.60,2025-02-27 14:29:05.72,2025-02-27 14:29:05.72,,5,408
1022,1.00,LITRO,11.22,2025-02-27 14:29:05.72,2025-02-27 14:29:05.72,,3,408
1023,1.00,LITRO,6.99,2025-02-27 14:29:05.72,2025-02-27 14:29:05.72,,1,409
1024,0.50,LITRO,7.08,2025-02-27 14:29:05.72,2025-02-27 14:29:05.72,,4,409
1025,7.50,KG,31.40,2025-02-27 14:29:05.72,2025-02-27 14:29:05.72,,23,410
1026,3.00,UNID,2.40,2025-02-27 14:29:05.72,2025-02-27 14:29:05.72,,13,410
1027,3.00,LITRO,6.99,2025-02-27 14:29:05.72,2025-02-27 14:29:05.72,,1,411
1028,2.00,LITRO,7.08,2025-02-27 14:29:05.72,2025-02-27 14:29:05.72,,4,411
1029,3.00,LITRO,6.99,2025-02-27 14:29:05.72,2025-02-27 14:29:05.72,,1,412
1030,2.00,LITRO,7.08,2025-02-27 14:29:05.72,2025-02-27 14:29:05.72,,4,412
1031,3.00,LITRO,6.99,2025-02-27 14:29:05.72,2025-02-27 14:29:05.72,,1,413
1032,2.00,LITRO,7.08,2025-02-27 14:29:05.72,2025-02-27 14:29:05.72,,4,413
1033,3.00,LITRO,6.99,2025-02-27 14:29:05.72,2025-02-27 14:29:05.72,,1,414
1034,2.00,LITRO,7.08,2025-02-27 14:29:05.72,2025-02-27 14:29:05.72,,4,414
1035,1.00,LITRO,6.99,2025-02-27 14:29:05.72,2025-02-27 14:29:05.72,,1,415
1036,0.50,LITRO,7.08,2025-02-27 14:29:05.72,2025-02-27 14:29:05.72,,4,415
1037,2.50,KG,31.40,2025-02-27 14:29:05.72,2025-02-27 14:29:05.72,,25,416
1038,1.00,LITRO,11.22,2025-02-27 14:29:05.72,2025-02-27 14:29:05.72,,3,417
1039,1.00,LITRO,11.22,2025-02-27 14:29:05.72,2025-02-27 14:29:05.72,,3,418
1040,2.00,LITRO,10.00,2025-02-27 14:29:05.72,2025-02-27 14:29:05.72,,19,418
1041,1.00,LITRO,6.99,2025-02-27 14:29:05.72,2025-02-27 14:29:05.72,,1,418
1042,2.50,KG,31.40,2025-02-27 14:29:05.72,2025-02-27 14:29:05.72,,22,418
1043,3.00,UNID,2.40,2025-02-27 14:29:05.72,2025-02-27 14:29:05.72,,13,418
1044,1.00,UNID,10.00,2025-02-27 14:29:05.72,2025-02-27 14:29:05.72,,12,419
1045,2.50,KG,31.40,2025-02-27 14:29:05.72,2025-02-27 14:29:05.72,,22,419
1046,2.00,LITRO,6.99,2025-02-27 14:29:05.72,2025-02-27 14:29:05.72,,1,420
1047,1.00,LITRO,7.08,2025-02-27 14:29:05.72,2025-02-27 14:29:05.72,,4,420
1048,2.00,KG,117.32,2025-02-27 14:29:05.72,2025-02-27 14:29:05.72,,28,421
1049,2.00,UNID,2.40,2025-02-27 14:29:05.72,2025-02-27 14:29:05.72,,13,421
1050,0.50,LITRO,11.22,2025-02-27 14:29:05.72,2025-02-27 14:29:05.72,,3,422
1051,1.00,UNID,2.40,2025-02-27 14:29:05.72,2025-02-27 14:29:05.72,,13,423
1052,4.00,KG,117.32,2025-02-27 14:29:05.72,2025-02-27 14:29:05.72,,28,423
1053,2.00,KG,97.02,2025-02-27 14:29:05.72,2025-02-27 14:29:05.72,,26,423
1054,1.00,LITRO,6.99,2025-02-27 14:29:05.72,2025-02-27 14:29:05.72,,1,424
1055,0.50,LITRO,7.08,2025-02-27 14:29:05.72,2025-02-27 14:29:05.72,,4,424
1056,1.00,LITRO,6.99,2025-02-27 14:29:05.72,2025-02-27 14:29:05.72,,1,425
1057,1.00,LITRO,11.22,2025-02-27 14:29:05.72,2025-02-27 14:29:05.72,,3,425
1058,5.00,KG,31.40,2025-02-27 14:29:05.72,2025-02-27 14:29:05.72,,24,425
1059,5.00,KG,31.40,2025-02-27 14:29:05.72,2025-02-27 14:29:05.72,,22,425
1060,3.00,UNID,2.40,2025-02-27 14:29:05.72,2025-02-27 14:29:05.72,,13,425
1061,1.00,LITRO,6.99,2025-02-27 14:29:05.72,2025-02-27 14:29:05.72,,1,426
1062,0.50,LITRO,7.08,2025-02-27 14:29:05.72,2025-02-27 14:29:05.72,,4,426
1063,2.00,LITRO,6.99,2025-02-27 14:29:05.72,2025-02-27 14:29:05.72,,1,427
1064,1.00,LITRO,11.22,2025-02-27 14:29:05.72,2025-02-27 14:29:05.72,,3,427
1065,3.00,UNID,2.40,2025-02-27 14:29:05.72,2025-02-27 14:29:05.72,,13,427
1066,5.00,KG,31.40,2025-02-27 14:29:05.72,2025-02-27 14:29:05.72,,24,427
1067,2.50,KG,31.40,2025-02-27 14:29:05.72,2025-02-27 14:29:05.72,,22,427
1068,2.50,KG,31.40,2025-02-27 14:29:05.72,2025-02-27 14:29:05.72,,23,427
1069,20.00,KG,35.18,2025-02-27 14:29:05.72,2025-02-27 14:29:05.72,,7,428
1070,1.50,LITRO,6.99,2025-02-27 14:29:05.72,2025-02-27 14:29:05.72,,1,429
1071,1.00,LITRO,7.08,2025-02-27 14:29:05.72,2025-02-27 14:29:05.72,,4,429
1072,5.00,LITRO,11.00,2025-02-27 14:29:05.72,2025-02-27 14:29:05.72,,19,430
1073,1.00,LITRO,10.60,2025-02-27 14:29:05.72,2025-02-27 14:29:05.72,,5,430
1074,2.00,KG,117.32,2025-02-27 14:29:05.72,2025-02-27 14:29:05.72,,28,430
1075,2.00,KG,187.17,2025-02-27 14:29:05.72,2025-02-27 14:29:05.72,,29,430
1076,1.00,LITRO,6.99,2025-02-27 14:29:05.72,2025-02-27 14:29:05.72,,1,431
1077,0.50,LITRO,7.08,2025-02-27 14:29:05.72,2025-02-27 14:29:05.72,,4,431
1078,1.00,UNID,2.40,2025-02-27 14:29:05.72,2025-02-27 14:29:05.72,,13,432
1079,1.00,LITRO,6.99,2025-02-27 14:29:05.72,2025-02-27 14:29:05.72,,1,433
1080,1.00,LITRO,11.22,2025-02-27 14:29:05.72,2025-02-27 14:29:05.72,,3,433
1081,0.60,LITRO,4.40,2025-02-27 14:29:05.72,2025-02-27 14:29:05.72,,2,433
1082,2.00,KG,187.17,2025-02-27 14:29:05.72,2025-02-27 14:29:05.72,,29,433
1083,1.00,UNID,2.40,2025-02-27 14:29:05.72,2025-02-27 14:29:05.72,,13,434
