63,2024-07-20 21:57:32,264.03,"",Serviço de transfer,2024-07-23 16:05:29.561847,2024-07-23 16:25:21.938907,,e48e6a33-ffa5-4b0c-bdb3-147db5063f4c,1,2,1
3,2024-06-28 04:32:20,10.53,"","",2024-07-04 16:34:32.020258,2024-07-04 16:42:37.425762,,e48e6a33-ffa5-4b0c-bdb3-147db5063f4c,4,6,1
6,2024-06-28 19:46:02,10.00,"","",2024-07-04 16:46:32.307259,2024-07-04 16:46:32.307259,,e48e6a33-ffa5-4b0c-bdb3-147db5063f4c,3,4,1
7,2024-07-01 19:49:36,10.53,"","",2024-07-04 16:50:57.143631,2024-07-04 16:50:57.143631,,e48e6a33-ffa5-4b0c-bdb3-147db5063f4c,4,6,1
8,2024-07-01 19:51:08,4.80,"","",2024-07-04 16:54:10.87921,2024-07-04 16:54:10.87921,,e48e6a33-ffa5-4b0c-bdb3-147db5063f4c,4,3,1
9,2024-07-01 22:56:13,35.14,"","",2024-07-04 16:57:01.52082,2024-07-04 17:07:50.773544,,e48e6a33-ffa5-4b0c-bdb3-147db5063f4c,1,5,1
10,2024-07-03 20:08:30,35.14,"","",2024-07-04 17:09:11.68055,2024-07-04 17:09:11.68055,,e48e6a33-ffa5-4b0c-bdb3-147db5063f4c,1,5,1
11,2024-07-03 20:09:26,137.95,"","",2024-07-04 17:14:23.463273,2024-07-04 17:14:23.463273,,e48e6a33-ffa5-4b0c-bdb3-147db5063f4c,1,1,1
65,2024-07-23 19:26:32.601,17.68,"",Serviço de transfer,2024-07-23 16:27:37.373609,2024-07-23 16:27:37.373609,,e48e6a33-ffa5-4b0c-bdb3-147db5063f4c,5,2,1
66,2024-07-24 06:53:20,35.14,"",Serviço de transfer,2024-07-25 13:26:05.959591,2024-07-25 13:26:05.959591,,e48e6a33-ffa5-4b0c-bdb3-147db5063f4c,1,5,1
12,2024-07-03 05:16:05,515.27,"","",2024-07-04 17:20:18.852139,2024-07-04 17:26:51.177179,,e48e6a33-ffa5-4b0c-bdb3-147db5063f4c,2,2,1
13,2024-07-04 20:27:00.228,10.53,"","",2024-07-04 17:27:50.711965,2024-07-04 17:27:50.711965,,e48e6a33-ffa5-4b0c-bdb3-147db5063f4c,4,6,1
14,2024-07-04 20:28:11.652,240.56,"","",2024-07-04 17:30:10.305779,2024-07-04 17:30:10.305779,,e48e6a33-ffa5-4b0c-bdb3-147db5063f4c,2,2,1
15,2024-07-04 20:30:33.664,35.14,"","",2024-07-04 17:31:27.980727,2024-07-04 17:31:27.980727,,e48e6a33-ffa5-4b0c-bdb3-147db5063f4c,1,5,1
5,2024-06-28 22:43:11,102.88,"","",2024-07-04 16:45:10.880226,2024-07-04 17:33:22.181836,,e48e6a33-ffa5-4b0c-bdb3-147db5063f4c,2,2,1
16,2024-07-05 19:58:44.821,35.14,"","",2024-07-05 17:02:13.585659,2024-07-05 17:02:13.585659,,e48e6a33-ffa5-4b0c-bdb3-147db5063f4c,1,5,1
17,2024-07-05 20:02:18.676,10.53,"","",2024-07-05 17:04:37.348356,2024-07-05 17:04:37.349368,,e48e6a33-ffa5-4b0c-bdb3-147db5063f4c,4,6,1
18,2024-07-05 20:04:41.397,20.00,"","",2024-07-05 17:07:28.871374,2024-07-05 17:07:28.871374,,e48e6a33-ffa5-4b0c-bdb3-147db5063f4c,4,3,1
19,2024-07-08 13:03:57.265,10.53,"","",2024-07-08 10:05:02.869959,2024-07-08 10:05:02.869959,,e48e6a33-ffa5-4b0c-bdb3-147db5063f4c,4,6,1
20,2024-07-08 13:05:17.493,7.08,"","",2024-07-08 10:07:32.715274,2024-07-08 10:07:32.715274,,e48e6a33-ffa5-4b0c-bdb3-147db5063f4c,7,8,1
21,2024-07-08 22:58:44,35.14,"","",2024-07-09 11:12:14.025018,2024-07-09 11:12:14.025018,,e48e6a33-ffa5-4b0c-bdb3-147db5063f4c,1,5,1
23,2024-07-09 14:12:47.804,4.40,"","",2024-07-09 11:13:17.491427,2024-07-09 11:13:17.491427,,e48e6a33-ffa5-4b0c-bdb3-147db5063f4c,1,1,1
24,2024-07-09 14:14:50.054,171.64,"","",2024-07-09 11:15:55.198845,2024-07-09 11:15:55.198845,,e48e6a33-ffa5-4b0c-bdb3-147db5063f4c,2,2,1
25,2024-07-09 17:12:47.804,4.40,"","",2024-07-09 11:17:50.66594,2024-07-09 11:17:50.66594,,e48e6a33-ffa5-4b0c-bdb3-147db5063f4c,4,3,1
26,2024-07-09 14:34:19.142,351.81,"","",2024-07-09 11:54:40.90193,2024-07-09 11:54:40.90193,,e48e6a33-ffa5-4b0c-bdb3-147db5063f4c,6,9,1
22,2024-07-09 04:58:44,35.14,"","",2024-07-09 11:12:25.737865,2024-07-10 10:38:27.785912,,e48e6a33-ffa5-4b0c-bdb3-147db5063f4c,1,5,1
27,2024-07-10 07:58:44,35.14,"","",2024-07-10 10:38:57.998774,2024-07-10 10:38:57.998774,,e48e6a33-ffa5-4b0c-bdb3-147db5063f4c,1,5,1
28,2024-07-11 07:58:44,35.14,"","",2024-07-11 14:08:53.791403,2024-07-11 14:08:53.791403,,e48e6a33-ffa5-4b0c-bdb3-147db5063f4c,1,5,1
29,2024-07-11 17:34:19,351.00,"","",2024-07-11 14:09:35.070522,2024-07-11 14:09:35.070522,,e48e6a33-ffa5-4b0c-bdb3-147db5063f4c,6,9,1
30,2024-07-11 17:16:32.619,247.11,"","",2024-07-11 14:18:33.578577,2024-07-11 14:18:33.578577,,e48e6a33-ffa5-4b0c-bdb3-147db5063f4c,1,1,1
31,2024-07-11 17:20:57.914,16.00,"","",2024-07-11 14:21:15.88342,2024-07-11 14:21:15.88342,,e48e6a33-ffa5-4b0c-bdb3-147db5063f4c,8,8,1
32,2024-07-12 10:58:44,35.14,"","",2024-07-12 13:52:11.279505,2024-07-12 13:52:11.279505,,e48e6a33-ffa5-4b0c-bdb3-147db5063f4c,1,5,1
33,2024-07-12 16:54:54.471,168.91,"","",2024-07-12 13:57:14.714249,2024-07-12 13:57:14.714249,,e48e6a33-ffa5-4b0c-bdb3-147db5063f4c,2,2,1
34,2024-07-15 13:06:49.197,105.43,"",Feita limpeza da banheira. recolocada 6 x galoes 20lt,2024-07-15 10:09:09.858088,2024-07-15 10:09:09.858088,,e48e6a33-ffa5-4b0c-bdb3-147db5063f4c,1,5,1
35,2024-07-15 14:37:33.733,357.73,"","",2024-07-15 11:41:01.486357,2024-07-15 11:41:01.486357,,e48e6a33-ffa5-4b0c-bdb3-147db5063f4c,1,1,1
36,2024-07-15 19:35:06.795,36.68,"","",2024-07-15 16:36:04.418586,2024-07-15 16:36:04.418586,,e48e6a33-ffa5-4b0c-bdb3-147db5063f4c,2,2,1
37,2024-07-15 19:36:48.31,10.53,"","",2024-07-15 16:37:35.852835,2024-07-15 16:37:35.852835,,e48e6a33-ffa5-4b0c-bdb3-147db5063f4c,4,6,1
38,2024-07-15 19:37:40.451,50.00,"","",2024-07-15 16:37:58.227112,2024-07-15 16:37:58.227112,,e48e6a33-ffa5-4b0c-bdb3-147db5063f4c,4,3,1
39,2024-07-16 13:58:44,35.14,"","",2024-07-18 11:09:06.666638,2024-07-18 11:09:06.666638,,e48e6a33-ffa5-4b0c-bdb3-147db5063f4c,1,5,1
40,2024-07-16 22:36:48,10.53,"","",2024-07-18 11:09:37.284693,2024-07-18 11:09:37.284693,,e48e6a33-ffa5-4b0c-bdb3-147db5063f4c,4,6,1
41,2024-07-16 17:09:40,89.20,"","",2024-07-18 11:10:43.201788,2024-07-18 11:12:41.052514,,e48e6a33-ffa5-4b0c-bdb3-147db5063f4c,4,3,1
42,2024-07-17 17:10:59,76.16,"","",2024-07-18 11:11:24.17048,2024-07-18 11:12:59.510942,,e48e6a33-ffa5-4b0c-bdb3-147db5063f4c,4,3,1
43,2024-07-18 04:36:48,10.53,"","",2024-07-18 11:14:03.693774,2024-07-18 11:14:19.040701,,e48e6a33-ffa5-4b0c-bdb3-147db5063f4c,4,6,1
44,2024-07-18 14:14:28.201,7.08,"","",2024-07-18 11:14:43.288437,2024-07-18 11:14:43.288437,,e48e6a33-ffa5-4b0c-bdb3-147db5063f4c,4,3,1
45,2024-07-17 16:58:44,35.14,"","",2024-07-18 11:20:51.583066,2024-07-18 11:20:51.583066,,e48e6a33-ffa5-4b0c-bdb3-147db5063f4c,1,5,1
46,2024-07-18 19:58:44,35.14,"","",2024-07-18 11:21:35.606704,2024-07-18 11:21:35.606704,,e48e6a33-ffa5-4b0c-bdb3-147db5063f4c,1,5,1
48,2024-07-18 14:24:54.777,881.60,"","",2024-07-18 11:25:22.795883,2024-07-18 11:25:22.795883,,e48e6a33-ffa5-4b0c-bdb3-147db5063f4c,9,10,1
49,2024-07-18 14:26:00.905,169.00,"","",2024-07-18 11:27:06.004737,2024-07-18 11:27:06.004737,,e48e6a33-ffa5-4b0c-bdb3-147db5063f4c,2,2,1
50,2024-07-18 14:27:56.479,10.00,"","",2024-07-18 11:28:22.916352,2024-07-18 11:28:22.916352,,e48e6a33-ffa5-4b0c-bdb3-147db5063f4c,10,11,1
47,2024-07-18 17:22:22.748,23.19,"","",2024-07-18 11:22:55.125258,2024-07-18 17:05:05.384718,,e48e6a33-ffa5-4b0c-bdb3-147db5063f4c,1,1,1
51,2024-07-19 22:58:44,35.14,"","",2024-07-19 08:49:51.58563,2024-07-19 08:49:51.58563,,e48e6a33-ffa5-4b0c-bdb3-147db5063f4c,1,5,1
52,2024-07-19 17:48:31.429,50.00,"","",2024-07-19 14:49:21.810145,2024-07-19 14:49:21.810145,,e48e6a33-ffa5-4b0c-bdb3-147db5063f4c,1,1,1
53,2024-07-19 17:49:33.292,157.12,"","",2024-07-19 14:50:08.458765,2024-07-19 14:50:08.459763,,e48e6a33-ffa5-4b0c-bdb3-147db5063f4c,2,2,1
54,2024-07-22 04:58:44,35.14,"","",2024-07-23 13:54:30.336097,2024-07-23 13:54:42.472606,,e48e6a33-ffa5-4b0c-bdb3-147db5063f4c,1,5,1
55,2024-07-22 07:36:48,10.53,"","",2024-07-23 13:55:16.6963,2024-07-23 13:55:16.6963,,e48e6a33-ffa5-4b0c-bdb3-147db5063f4c,4,6,1
56,2024-07-22 16:55:25,78.60,"","",2024-07-23 13:57:15.453106,2024-07-23 13:57:15.453106,,e48e6a33-ffa5-4b0c-bdb3-147db5063f4c,4,3,1
57,2024-07-22 16:58:02,481.31,"","",2024-07-23 14:00:11.377063,2024-07-23 14:00:11.378066,,e48e6a33-ffa5-4b0c-bdb3-147db5063f4c,2,2,1
58,2024-07-23 17:00:35.284,326.03,"","",2024-07-23 14:02:21.378666,2024-07-23 14:02:21.378666,,e48e6a33-ffa5-4b0c-bdb3-147db5063f4c,1,1,1
59,2024-07-23 10:36:48,10.53,"","",2024-07-23 14:02:44.897567,2024-07-23 14:02:44.897567,,e48e6a33-ffa5-4b0c-bdb3-147db5063f4c,4,6,1
60,2024-07-23 17:03:19.991,289.78,"","",2024-07-23 14:07:48.846326,2024-07-23 14:07:48.846326,,e48e6a33-ffa5-4b0c-bdb3-147db5063f4c,3,2,1
61,2024-07-20 18:50:00,816.02,"",Serviço de transfer,2024-07-23 15:51:26.512346,2024-07-23 15:51:26.512346,,e48e6a33-ffa5-4b0c-bdb3-147db5063f4c,3,2,1
77,2024-07-31 00:53:20,35.14,"",Serviço de transfer,2024-08-05 11:17:28.770813,2024-08-05 11:17:28.770813,,e48e6a33-ffa5-4b0c-bdb3-147db5063f4c,1,5,1
62,2024-07-20 21:53:20,35.14,"",Serviço de transfer,2024-07-23 15:57:08.499674,2024-07-23 16:07:54.814741,,e48e6a33-ffa5-4b0c-bdb3-147db5063f4c,3,5,1
67,2024-07-23 07:58:44,35.14,"","",2024-07-25 13:27:19.260584,2024-07-25 13:27:19.260584,,e48e6a33-ffa5-4b0c-bdb3-147db5063f4c,1,5,1
68,2024-07-24 16:28:22,25.68,"","",2024-07-25 13:31:40.712344,2024-07-25 13:31:40.712344,,e48e6a33-ffa5-4b0c-bdb3-147db5063f4c,1,1,1
69,2024-07-25 16:31:56.614,330.99,"","",2024-07-25 13:33:32.751761,2024-07-25 13:33:32.751761,,e48e6a33-ffa5-4b0c-bdb3-147db5063f4c,2,2,1
70,2024-07-25 16:33:45.983,16.00,"","",2024-07-25 13:34:12.488758,2024-07-25 13:34:12.488758,,e48e6a33-ffa5-4b0c-bdb3-147db5063f4c,7,8,1
71,2024-07-25 16:34:47.852,191.48,"","",2024-07-25 13:36:12.697761,2024-07-25 13:36:12.697761,,e48e6a33-ffa5-4b0c-bdb3-147db5063f4c,2,2,1
72,2024-07-25 09:53:20,35.14,"",Serviço de transfer,2024-08-05 11:15:27.900737,2024-08-05 11:15:27.900737,,e48e6a33-ffa5-4b0c-bdb3-147db5063f4c,1,5,1
73,2024-07-26 12:53:20,35.14,"",Serviço de transfer,2024-08-05 11:15:56.261502,2024-08-05 11:15:56.261502,,e48e6a33-ffa5-4b0c-bdb3-147db5063f4c,1,5,1
74,2024-07-27 15:53:20,35.14,"",Serviço de transfer,2024-08-05 11:16:29.105071,2024-08-05 11:16:29.105071,,e48e6a33-ffa5-4b0c-bdb3-147db5063f4c,1,5,1
75,2024-07-27 18:53:20,35.14,"",Serviço de transfer,2024-08-05 11:16:36.668597,2024-08-05 11:16:36.668597,,e48e6a33-ffa5-4b0c-bdb3-147db5063f4c,1,5,1
76,2024-07-29 21:53:20,35.14,"",Serviço de transfer,2024-08-05 11:17:11.80594,2024-08-05 11:17:11.80594,,e48e6a33-ffa5-4b0c-bdb3-147db5063f4c,1,5,1
78,2024-07-30 03:53:20,35.14,"",Serviço de transfer,2024-08-05 11:17:58.756972,2024-08-05 11:17:58.756972,,e48e6a33-ffa5-4b0c-bdb3-147db5063f4c,1,5,1
79,2024-08-01 06:53:20,35.14,"",Serviço de transfer,2024-08-05 11:18:18.131508,2024-08-05 11:18:18.131508,,e48e6a33-ffa5-4b0c-bdb3-147db5063f4c,1,5,1
80,2024-08-02 09:53:20,35.14,"",Serviço de transfer,2024-08-05 11:18:52.670502,2024-08-05 11:18:52.670502,,e48e6a33-ffa5-4b0c-bdb3-147db5063f4c,1,5,1
81,2024-08-03 12:53:20,35.14,"",Serviço de transfer,2024-08-05 11:21:23.217498,2024-08-05 11:21:23.217498,,e48e6a33-ffa5-4b0c-bdb3-147db5063f4c,1,5,1
82,2024-08-04 15:53:20,35.14,"",Serviço de transfer,2024-08-05 11:21:30.9525,2024-08-05 11:21:30.9525,,e48e6a33-ffa5-4b0c-bdb3-147db5063f4c,1,5,1
83,2024-08-05 18:53:20,35.14,"",Serviço de transfer,2024-08-05 11:21:38.477499,2024-08-05 11:21:38.477499,,e48e6a33-ffa5-4b0c-bdb3-147db5063f4c,1,5,1
84,2024-07-26 14:22:43,335.63,"","",2024-08-05 11:26:07.284508,2024-08-05 11:26:07.284508,,e48e6a33-ffa5-4b0c-bdb3-147db5063f4c,1,1,1
85,2024-08-06 21:53:20,35.14,"",Serviço de transfer,2024-08-07 11:48:18.454305,2024-08-07 11:48:18.455296,,e48e6a33-ffa5-4b0c-bdb3-147db5063f4c,1,5,1
87,2024-08-08 00:53:20,35.14,"",Serviço de transfer,2024-08-08 14:57:01.894834,2024-08-08 14:57:01.894834,,e48e6a33-ffa5-4b0c-bdb3-147db5063f4c,1,5,1
86,2024-08-07 03:53:20,35.14,"",Serviço de transfer,2024-08-07 11:48:28.838634,2024-08-08 14:57:18.223847,,e48e6a33-ffa5-4b0c-bdb3-147db5063f4c,1,5,1
88,2024-10-01 12:20:08.374,35.14,"","",2024-10-01 09:21:04.910339,2024-10-01 09:21:04.910339,,e48e6a33-ffa5-4b0c-bdb3-147db5063f4c,1,5,1
89,2024-10-01 14:51:18,35.14,"",TURNO NOTURNO,2024-10-02 08:52:03.672991,2024-10-02 08:52:18.602001,,e48e6a33-ffa5-4b0c-bdb3-147db5063f4c,2,5,1
90,2024-10-01 14:52:30,334.00,"",TURNO NOTURNO,2024-10-02 08:55:53.378994,2024-10-02 08:56:37.679992,,e48e6a33-ffa5-4b0c-bdb3-147db5063f4c,2,2,1
91,2024-10-02 11:56:51.399,512.28,"","",2024-10-02 08:58:54.971987,2024-10-02 08:58:54.971987,,e48e6a33-ffa5-4b0c-bdb3-147db5063f4c,5,2,1
92,2024-10-02 14:59:15.687,528.40,"","",2024-10-02 08:59:29.327992,2024-10-02 11:51:01.686594,,e48e6a33-ffa5-4b0c-bdb3-147db5063f4c,1,1,1
93,2024-10-02 18:31:18.022,419.40,"",turno da noite,2024-10-17 15:34:58.533006,2024-10-17 15:34:58.533006,,e48e6a33-ffa5-4b0c-bdb3-147db5063f4c,2,2,1
94,2024-10-03 15:20:08.374,35.14,"","",2024-10-17 15:35:59.055531,2024-10-17 15:35:59.055531,,e48e6a33-ffa5-4b0c-bdb3-147db5063f4c,1,5,1
95,2024-10-03 18:36:20.466,173.59,"","",2024-10-17 15:37:25.927897,2024-10-17 15:37:25.927897,,e48e6a33-ffa5-4b0c-bdb3-147db5063f4c,2,2,1
96,2024-10-04 18:38:58.515,251.98,"","",2024-10-17 15:41:54.709951,2024-10-17 15:41:54.709951,,e48e6a33-ffa5-4b0c-bdb3-147db5063f4c,1,1,1
97,2024-10-07 18:43:34.689,260.17,"","",2024-10-17 15:45:54.202115,2024-10-17 15:45:54.202115,,e48e6a33-ffa5-4b0c-bdb3-147db5063f4c,1,1,1
98,2024-10-07 18:48:26.437,331.68,"","",2024-10-17 15:50:19.18511,2024-10-17 15:50:19.18511,,e48e6a33-ffa5-4b0c-bdb3-147db5063f4c,2,2,1
99,2024-10-04 18:20:08,35.14,"","",2024-10-17 15:51:04.247113,2024-10-17 15:51:04.247113,,e48e6a33-ffa5-4b0c-bdb3-147db5063f4c,1,5,1
100,2024-10-07 21:20:08,35.14,"","",2024-10-17 15:51:42.275124,2024-10-17 15:51:42.275124,,e48e6a33-ffa5-4b0c-bdb3-147db5063f4c,1,5,1
101,2024-10-09 00:20:08,35.14,"","",2024-10-17 15:52:12.163114,2024-10-17 15:52:12.163114,,e48e6a33-ffa5-4b0c-bdb3-147db5063f4c,1,5,1
102,2024-10-09 18:53:46.635,17.57,"","",2024-10-17 15:54:31.594108,2024-10-17 15:54:31.594108,,e48e6a33-ffa5-4b0c-bdb3-147db5063f4c,5,7,1
103,2024-10-09 18:54:47.094,67.68,"","",2024-10-17 16:02:58.0635,2024-10-17 16:02:58.0635,,e48e6a33-ffa5-4b0c-bdb3-147db5063f4c,5,4,1
104,2024-10-09 22:03:15.206,21.19,"","",2024-10-17 16:06:41.397453,2024-10-17 16:07:16.30546,,e48e6a33-ffa5-4b0c-bdb3-147db5063f4c,1,1,1
105,2024-10-10 03:20:08,35.14,"","",2024-10-17 16:07:44.216454,2024-10-17 16:07:44.216454,,e48e6a33-ffa5-4b0c-bdb3-147db5063f4c,1,5,1
106,2024-10-10 19:07:47.228,176.32,"","",2024-10-17 16:09:34.030456,2024-10-17 16:09:34.030456,,e48e6a33-ffa5-4b0c-bdb3-147db5063f4c,2,2,1
107,2024-10-10 19:10:24.743,16.19,"","",2024-10-17 16:11:27.124459,2024-10-17 16:11:27.124459,,e48e6a33-ffa5-4b0c-bdb3-147db5063f4c,1,1,1
108,2024-10-11 06:20:08,35.14,"","",2024-10-17 16:17:03.987453,2024-10-17 16:17:03.987453,,e48e6a33-ffa5-4b0c-bdb3-147db5063f4c,1,5,1
109,2024-10-11 21:53:46,17.57,"","",2024-10-17 16:17:23.287458,2024-10-17 16:17:23.287458,,e48e6a33-ffa5-4b0c-bdb3-147db5063f4c,5,7,1
110,2024-10-11 22:17:26.502,7.20,"","",2024-10-17 16:17:51.110461,2024-10-17 16:19:44.757459,,e48e6a33-ffa5-4b0c-bdb3-147db5063f4c,5,4,1
111,2024-10-11 22:18:09.705,350.73,"","",2024-10-17 16:18:49.235456,2024-10-17 16:19:52.332454,,e48e6a33-ffa5-4b0c-bdb3-147db5063f4c,6,9,1
112,2024-10-11 19:19:04.009,20.00,"","",2024-10-17 16:19:59.883454,2024-10-17 16:19:59.884459,,e48e6a33-ffa5-4b0c-bdb3-147db5063f4c,2,2,1
113,2024-10-14 09:20:08,35.14,"","",2024-10-22 10:34:39.095124,2024-10-22 10:34:39.095124,,e48e6a33-ffa5-4b0c-bdb3-147db5063f4c,1,5,1
114,2024-10-14 16:34:43,828.55,"","",2024-10-22 10:47:45.69151,2024-10-22 10:47:55.103514,,e48e6a33-ffa5-4b0c-bdb3-147db5063f4c,5,4,1
115,2024-10-15 00:53:46,17.57,"","",2024-10-22 10:48:09.597515,2024-10-22 10:48:09.597515,,e48e6a33-ffa5-4b0c-bdb3-147db5063f4c,5,7,1
118,2024-10-14 14:21:28,881.60,"","",2024-10-22 11:23:35.721736,2024-10-22 11:23:35.721736,,e48e6a33-ffa5-4b0c-bdb3-147db5063f4c,9,10,1
116,2024-10-14 16:48:17,273.77,"","",2024-10-22 10:56:55.670567,2024-10-22 11:23:50.093635,,e48e6a33-ffa5-4b0c-bdb3-147db5063f4c,1,1,1
117,2024-10-14 16:57:26,259.18,"","",2024-10-22 11:20:28.133077,2024-10-22 11:24:29.142611,,e48e6a33-ffa5-4b0c-bdb3-147db5063f4c,2,2,1
119,2024-10-15 12:20:08,35.14,"","",2024-10-22 11:25:13.819618,2024-10-22 11:25:13.820609,,e48e6a33-ffa5-4b0c-bdb3-147db5063f4c,1,5,1
120,2024-10-15 14:26:03,245.10,"","",2024-10-22 11:38:12.958586,2024-10-22 11:38:12.958586,,e48e6a33-ffa5-4b0c-bdb3-147db5063f4c,2,2,1
121,2024-10-15 14:38:51,207.00,"","",2024-10-22 11:42:15.667588,2024-10-22 11:42:15.668581,,e48e6a33-ffa5-4b0c-bdb3-147db5063f4c,1,1,1
122,2024-10-16 16:35:34,348.30,"","",2024-10-22 13:35:59.790671,2024-10-22 13:35:59.790671,,e48e6a33-ffa5-4b0c-bdb3-147db5063f4c,6,9,1
123,2024-10-16 15:20:08,35.14,"","",2024-10-22 13:36:23.080753,2024-10-22 13:36:23.080753,,e48e6a33-ffa5-4b0c-bdb3-147db5063f4c,1,5,1
124,2024-10-16 06:53:46,17.57,"","",2024-10-22 13:44:03.967378,2024-10-22 13:44:09.580903,,e48e6a33-ffa5-4b0c-bdb3-147db5063f4c,5,7,1
125,2024-10-16 16:44:55,1070.00,"","",2024-10-22 13:45:59.236626,2024-10-22 13:45:59.236626,,e48e6a33-ffa5-4b0c-bdb3-147db5063f4c,5,4,1
126,2024-10-16 19:47:30,53.80,"","",2024-10-22 13:47:46.008452,2024-10-22 13:47:51.673456,,e48e6a33-ffa5-4b0c-bdb3-147db5063f4c,1,1,1
127,2024-10-17 09:53:46,17.57,"","",2024-10-22 13:48:39.029106,2024-10-22 13:48:39.029106,,e48e6a33-ffa5-4b0c-bdb3-147db5063f4c,5,7,1
128,2024-10-17 19:48:42,1223.20,"","",2024-10-22 13:50:26.838109,2024-10-22 13:52:00.131106,,e48e6a33-ffa5-4b0c-bdb3-147db5063f4c,5,4,1
129,2024-10-17 19:50:59,16.00,"","",2024-10-22 13:51:16.883107,2024-10-22 13:52:08.754108,,e48e6a33-ffa5-4b0c-bdb3-147db5063f4c,8,8,1
130,2024-10-17 18:20:08,35.14,"","",2024-10-22 13:52:49.881101,2024-10-22 13:52:49.881101,,e48e6a33-ffa5-4b0c-bdb3-147db5063f4c,1,5,1
131,2024-10-18 21:20:08,35.14,"","",2024-10-22 13:53:17.788102,2024-10-22 13:53:17.788102,,e48e6a33-ffa5-4b0c-bdb3-147db5063f4c,1,5,1
132,2024-10-18 16:53:22,568.38,"","",2024-10-22 13:54:17.635147,2024-10-22 13:54:17.635147,,e48e6a33-ffa5-4b0c-bdb3-147db5063f4c,5,4,1
133,2024-10-18 12:53:46,17.57,"","",2024-10-22 13:56:02.92211,2024-10-22 13:56:02.92211,,e48e6a33-ffa5-4b0c-bdb3-147db5063f4c,5,7,1
134,2024-10-18 16:56:15,249.78,"","",2024-10-22 13:57:46.306107,2024-10-22 13:57:46.306107,,e48e6a33-ffa5-4b0c-bdb3-147db5063f4c,2,2,1
135,2024-10-18 19:58:35,16.00,"","",2024-10-22 13:58:51.728662,2024-10-22 13:59:21.291663,,e48e6a33-ffa5-4b0c-bdb3-147db5063f4c,7,8,1
136,2024-10-18 16:59:34,178.07,"","",2024-10-22 14:00:40.943661,2024-10-22 14:00:40.943661,,e48e6a33-ffa5-4b0c-bdb3-147db5063f4c,1,1,1
137,2024-10-21 03:20:08,35.14,"","",2024-10-22 14:05:53.845687,2024-10-22 14:06:10.099683,,e48e6a33-ffa5-4b0c-bdb3-147db5063f4c,1,5,1
138,2024-10-21 20:06:16,234.64,"","",2024-10-22 14:06:54.554683,2024-10-22 14:07:21.031696,,e48e6a33-ffa5-4b0c-bdb3-147db5063f4c,5,4,1
139,2024-10-21 17:08:38,31.48,"","",2024-10-22 14:09:21.30669,2024-10-22 14:09:21.30669,,e48e6a33-ffa5-4b0c-bdb3-147db5063f4c,2,2,1
140,2024-10-22 19:25:14,716.10,"","",2024-10-23 16:27:38.271197,2024-10-23 16:27:38.272513,,e48e6a33-ffa5-4b0c-bdb3-147db5063f4c,2,2,1
141,2024-10-22 19:27:57,325.79,"","",2024-10-23 16:29:38.709428,2024-10-23 16:29:38.709428,,e48e6a33-ffa5-4b0c-bdb3-147db5063f4c,1,1,1
142,2024-10-23 06:20:08,35.14,"","",2024-10-23 16:37:33.393396,2024-10-23 16:37:33.393396,,e48e6a33-ffa5-4b0c-bdb3-147db5063f4c,1,5,1
143,2024-10-23 16:35:01,320.99,"","",2024-10-25 13:36:39.45787,2024-10-25 13:36:39.45787,,e48e6a33-ffa5-4b0c-bdb3-147db5063f4c,2,2,1
145,2024-10-24 09:20:08,35.14,"","",2024-10-25 14:11:02.861434,2024-10-25 14:11:02.861434,,e48e6a33-ffa5-4b0c-bdb3-147db5063f4c,1,5,1
146,2024-10-24 20:11:05,495.88,"","",2024-10-25 14:13:22.697507,2024-10-25 14:13:54.059649,,e48e6a33-ffa5-4b0c-bdb3-147db5063f4c,2,2,1
147,2024-10-24 17:13:57,11.39,"","",2024-10-25 14:15:11.097535,2024-10-25 14:15:11.097535,,e48e6a33-ffa5-4b0c-bdb3-147db5063f4c,1,1,1
148,2024-10-25 12:20:08,35.14,"","",2024-10-25 14:15:32.305001,2024-10-25 14:15:32.305001,,e48e6a33-ffa5-4b0c-bdb3-147db5063f4c,1,5,1
149,2024-10-25 18:31:48,20.00,"","",2024-10-31 15:32:09.221569,2024-10-31 15:32:09.221569,,e48e6a33-ffa5-4b0c-bdb3-147db5063f4c,2,2,1
150,2024-10-29 18:32:21,10.60,"","",2024-10-31 15:33:47.611575,2024-10-31 15:33:47.611575,,e48e6a33-ffa5-4b0c-bdb3-147db5063f4c,4,3,1
151,2024-10-29 18:33:51,21.07,"","",2024-10-31 15:34:51.684569,2024-10-31 15:34:51.685569,,e48e6a33-ffa5-4b0c-bdb3-147db5063f4c,4,6,1
152,2024-10-29 18:35:17,382.08,"","",2024-10-31 15:37:57.007565,2024-10-31 15:37:57.007565,,e48e6a33-ffa5-4b0c-bdb3-147db5063f4c,2,2,1
153,2024-10-29 18:38:13,318.40,"","",2024-10-31 15:40:29.170567,2024-10-31 15:40:29.170567,,e48e6a33-ffa5-4b0c-bdb3-147db5063f4c,4,3,1
154,2024-10-29 18:40:41,355.32,"","",2024-10-31 15:41:26.031478,2024-10-31 15:41:26.031478,,e48e6a33-ffa5-4b0c-bdb3-147db5063f4c,6,9,1
155,2024-10-29 18:43:10,314.00,"","",2024-10-31 15:44:05.508854,2024-10-31 15:44:05.508854,,e48e6a33-ffa5-4b0c-bdb3-147db5063f4c,1,1,1
162,2024-10-31 03:33:51,10.53,"","",2024-10-31 16:31:56.407504,2024-10-31 16:38:45.886498,,e48e6a33-ffa5-4b0c-bdb3-147db5063f4c,4,6,1
156,2024-10-29 21:20:08,35.14,"","",2024-10-31 15:44:45.006896,2024-10-31 16:24:57.008502,,e48e6a33-ffa5-4b0c-bdb3-147db5063f4c,1,5,1
157,2024-10-30 03:20:08,35.14,"","",2024-10-31 16:25:13.665504,2024-10-31 16:25:22.938496,,e48e6a33-ffa5-4b0c-bdb3-147db5063f4c,1,5,1
159,2024-10-30 19:26:41,7.08,"","",2024-10-31 16:27:33.518495,2024-10-31 16:27:33.518495,,e48e6a33-ffa5-4b0c-bdb3-147db5063f4c,4,3,1
160,2024-10-30 19:27:51,28.27,"","",2024-10-31 16:28:56.806494,2024-10-31 16:28:56.806494,,e48e6a33-ffa5-4b0c-bdb3-147db5063f4c,1,1,1
161,2024-10-30 19:29:31,92.58,"","",2024-10-31 16:30:52.515496,2024-10-31 16:30:52.515496,,e48e6a33-ffa5-4b0c-bdb3-147db5063f4c,2,2,1
158,2024-10-31 00:33:51,10.53,"","",2024-10-31 16:26:36.758502,2024-10-31 16:33:26.152491,,e48e6a33-ffa5-4b0c-bdb3-147db5063f4c,4,6,1
163,2024-10-31 06:20:08,35.14,"","",2024-10-31 16:39:09.002494,2024-10-31 16:39:09.002494,,e48e6a33-ffa5-4b0c-bdb3-147db5063f4c,1,5,1
164,2024-10-31 19:39:46.641,17.57,"","",2024-10-31 16:40:53.4075,2024-10-31 16:40:53.4075,,e48e6a33-ffa5-4b0c-bdb3-147db5063f4c,5,7,1
165,2024-10-31 19:40:59.494,29.47,"","",2024-10-31 16:42:00.973501,2024-10-31 16:42:00.973501,,e48e6a33-ffa5-4b0c-bdb3-147db5063f4c,5,4,1
166,2024-10-31 19:42:14.857,166.60,"","",2024-10-31 16:43:42.873497,2024-10-31 16:43:42.873497,,e48e6a33-ffa5-4b0c-bdb3-147db5063f4c,2,2,1
167,2024-10-31 19:43:55.682,254.38,"","",2024-10-31 16:45:24.921541,2024-10-31 16:45:24.921541,,e48e6a33-ffa5-4b0c-bdb3-147db5063f4c,1,1,1
168,2024-11-01 09:20:08,35.14,"","",2024-11-07 10:08:44.541148,2024-11-07 10:08:44.541148,,e48e6a33-ffa5-4b0c-bdb3-147db5063f4c,1,5,1
169,2024-11-01 13:08:50,71.07,"","",2024-11-07 10:09:51.448144,2024-11-07 10:09:51.448144,,e48e6a33-ffa5-4b0c-bdb3-147db5063f4c,1,1,1
170,2024-11-01 13:10:04,356.40,"","",2024-11-07 10:10:56.612147,2024-11-07 10:10:56.612147,,e48e6a33-ffa5-4b0c-bdb3-147db5063f4c,6,9,1
171,2024-11-01 13:11:38,24.40,"","",2024-11-07 10:12:11.087147,2024-11-07 10:12:11.087147,,e48e6a33-ffa5-4b0c-bdb3-147db5063f4c,2,2,1
172,2024-11-04 12:20:08,35.14,"","",2024-11-07 10:16:26.89715,2024-11-07 10:16:26.89715,,e48e6a33-ffa5-4b0c-bdb3-147db5063f4c,1,5,1
173,2024-10-04 03:33:51,10.53,"","",2024-11-07 10:18:52.253641,2024-11-07 10:18:52.253641,,e48e6a33-ffa5-4b0c-bdb3-147db5063f4c,4,6,1
174,2024-11-04 13:19:09,17.60,"","",2024-11-07 10:19:30.535647,2024-11-07 10:19:30.535647,,e48e6a33-ffa5-4b0c-bdb3-147db5063f4c,1,1,1
175,2024-11-05 15:20:08,35.14,"","",2024-11-07 10:20:34.542641,2024-11-07 10:20:34.542641,,e48e6a33-ffa5-4b0c-bdb3-147db5063f4c,1,5,1
177,2024-11-06 22:39:46,17.57,"","",2024-11-07 10:31:32.626864,2024-11-07 10:31:32.627915,,e48e6a33-ffa5-4b0c-bdb3-147db5063f4c,5,7,1
176,2024-11-05 13:20:43,494.68,"","",2024-11-07 10:23:08.193644,2024-11-07 10:23:08.193644,,e48e6a33-ffa5-4b0c-bdb3-147db5063f4c,1,2,1
179,2024-11-07 13:31:53.653,469.28,"","",2024-11-07 10:38:40.739346,2024-11-07 10:38:40.739346,,e48e6a33-ffa5-4b0c-bdb3-147db5063f4c,5,4,1
178,2024-11-07 04:39:46,17.57,"","",2024-11-07 10:31:51.366866,2024-11-07 10:39:29.302339,,e48e6a33-ffa5-4b0c-bdb3-147db5063f4c,5,7,1
180,2024-11-07 13:39:52.798,507.68,"","",2024-11-07 10:41:36.790344,2024-11-07 10:41:36.790344,,e48e6a33-ffa5-4b0c-bdb3-147db5063f4c,2,2,1
181,2024-10-07 06:33:51,10.53,"","",2024-11-07 10:41:58.836342,2024-11-07 10:41:58.836342,,e48e6a33-ffa5-4b0c-bdb3-147db5063f4c,4,6,1
182,2024-11-06 18:20:08,35.14,"","",2024-11-13 13:29:09.06457,2024-11-13 13:29:09.06457,,e48e6a33-ffa5-4b0c-bdb3-147db5063f4c,1,5,1
183,2024-11-07 21:20:08,35.14,"","",2024-11-13 13:29:22.704573,2024-11-13 13:29:22.704573,,e48e6a33-ffa5-4b0c-bdb3-147db5063f4c,1,5,1
184,2024-11-07 16:29:29,25.68,"","",2024-11-13 13:30:28.137581,2024-11-13 13:30:28.137581,,e48e6a33-ffa5-4b0c-bdb3-147db5063f4c,1,1,1
185,2024-11-09 00:20:08,35.14,"","",2024-11-13 13:30:47.952573,2024-11-13 13:30:47.952573,,e48e6a33-ffa5-4b0c-bdb3-147db5063f4c,1,5,1
186,2024-11-08 07:39:46,17.57,"","",2024-11-13 13:31:06.884577,2024-11-13 13:31:06.884577,,e48e6a33-ffa5-4b0c-bdb3-147db5063f4c,5,7,1
187,2024-11-08 19:31:38,474.08,"","",2024-11-13 13:32:36.275616,2024-11-13 13:32:42.759571,,e48e6a33-ffa5-4b0c-bdb3-147db5063f4c,5,4,1
188,2024-11-08 16:33:45,50.00,"","",2024-11-13 13:34:17.512107,2024-11-13 13:34:17.512107,,e48e6a33-ffa5-4b0c-bdb3-147db5063f4c,4,3,1
189,2024-11-11 16:34:38,7.08,"","",2024-11-13 13:35:07.756206,2024-11-13 13:35:07.757216,,e48e6a33-ffa5-4b0c-bdb3-147db5063f4c,2,2,1
190,2024-11-11 03:20:08,35.14,"","",2024-11-13 13:35:21.124208,2024-11-13 13:35:21.124208,,e48e6a33-ffa5-4b0c-bdb3-147db5063f4c,1,5,1
191,2024-11-11 16:44:57,404.29,"","",2024-11-13 13:55:59.064044,2024-11-13 13:55:59.064044,,e48e6a33-ffa5-4b0c-bdb3-147db5063f4c,1,1,1
192,2024-11-11 16:56:36,65.40,"","",2024-11-13 13:57:28.582041,2024-11-13 13:57:28.582041,,e48e6a33-ffa5-4b0c-bdb3-147db5063f4c,5,4,1
193,2024-11-11 10:39:46,17.57,"","",2024-11-13 13:57:59.604036,2024-11-13 13:57:59.604036,,e48e6a33-ffa5-4b0c-bdb3-147db5063f4c,5,7,1
194,2024-11-11 16:58:05,978.68,"","",2024-11-13 14:00:27.76404,2024-11-13 14:00:27.76404,,e48e6a33-ffa5-4b0c-bdb3-147db5063f4c,2,2,1
195,2024-11-12 13:39:46,17.57,"","",2024-11-13 14:02:15.805041,2024-11-13 14:02:15.805041,,e48e6a33-ffa5-4b0c-bdb3-147db5063f4c,5,7,1
196,2024-11-12 17:02:28,194.72,"","",2024-11-13 14:03:34.442044,2024-11-13 14:03:34.442044,,e48e6a33-ffa5-4b0c-bdb3-147db5063f4c,5,4,1
197,2024-11-12 06:20:08,35.14,"","",2024-11-13 14:03:54.486039,2024-11-13 14:03:54.486039,,e48e6a33-ffa5-4b0c-bdb3-147db5063f4c,1,5,1
198,2024-11-12 17:04:01,18.88,"","",2024-11-13 14:04:45.583038,2024-11-13 14:04:45.583038,,e48e6a33-ffa5-4b0c-bdb3-147db5063f4c,2,2,1
199,2024-11-13 09:33:51,10.53,"","",2024-11-13 14:05:28.249043,2024-11-13 14:05:28.249043,,e48e6a33-ffa5-4b0c-bdb3-147db5063f4c,4,6,1
200,2024-11-13 17:05:34.042,4.80,"","",2024-11-13 14:05:53.08304,2024-11-13 14:05:53.08304,,e48e6a33-ffa5-4b0c-bdb3-147db5063f4c,4,3,1
201,2024-11-13 09:20:08,35.14,"","",2024-11-13 14:06:13.133045,2024-11-13 14:06:13.133045,,e48e6a33-ffa5-4b0c-bdb3-147db5063f4c,1,5,1
202,2024-11-13 16:39:46,17.57,"","",2024-11-13 14:06:33.543049,2024-11-13 14:06:33.543049,,e48e6a33-ffa5-4b0c-bdb3-147db5063f4c,5,7,1
203,2024-11-13 17:06:45.241,234.64,"","",2024-11-13 14:07:23.488041,2024-11-13 14:07:23.488041,,e48e6a33-ffa5-4b0c-bdb3-147db5063f4c,5,4,1
204,2024-11-13 17:07:49.77,637.60,"","",2024-11-13 14:08:31.020041,2024-11-13 14:08:31.020041,,e48e6a33-ffa5-4b0c-bdb3-147db5063f4c,2,2,1
206,2024-11-13 12:52:47,168.39,"","",2024-11-25 09:53:44.745342,2024-11-25 09:53:44.745342,,e48e6a33-ffa5-4b0c-bdb3-147db5063f4c,1,1,1
207,2024-11-14 12:33:51,10.53,"","",2024-11-25 09:54:36.723349,2024-11-25 09:54:36.723349,,e48e6a33-ffa5-4b0c-bdb3-147db5063f4c,4,6,1
208,2024-11-14 12:20:08,35.14,"","",2024-11-25 09:54:59.605345,2024-11-25 09:54:59.605345,,e48e6a33-ffa5-4b0c-bdb3-147db5063f4c,1,5,1
209,2024-11-14 12:55:03,576.70,"","",2024-11-25 09:57:23.716344,2024-11-25 09:57:23.716344,,e48e6a33-ffa5-4b0c-bdb3-147db5063f4c,2,2,1
210,2024-11-14 13:06:47,22.08,"","",2024-11-25 10:07:41.174408,2024-11-25 10:07:41.174408,,e48e6a33-ffa5-4b0c-bdb3-147db5063f4c,5,1,1
211,2024-11-14 13:08:54,9.63,"","",2024-11-25 10:10:15.635404,2024-11-25 10:10:15.635404,,e48e6a33-ffa5-4b0c-bdb3-147db5063f4c,10,2,1
212,2024-11-14 15:20:08,35.14,"",BANHEIRA SECOU,2024-11-25 10:11:16.808416,2024-11-25 10:11:16.808416,,e48e6a33-ffa5-4b0c-bdb3-147db5063f4c,1,5,1
213,2024-11-18 15:33:51,10.53,"","",2024-11-25 10:13:50.291456,2024-11-25 10:13:50.291456,,e48e6a33-ffa5-4b0c-bdb3-147db5063f4c,4,6,1
214,2024-11-18 13:16:24,235.50,"","",2024-11-25 10:24:37.607532,2024-11-25 10:24:37.607532,,e48e6a33-ffa5-4b0c-bdb3-147db5063f4c,4,3,1
215,2024-11-18 13:27:53,123.00,"",LAVAGEM DA BANHEIRA,2024-11-25 10:32:09.910569,2024-11-25 10:32:09.910569,,e48e6a33-ffa5-4b0c-bdb3-147db5063f4c,1,5,1
216,2024-11-18 13:32:23,94.89,"","",2024-11-25 10:33:57.2977,2024-11-25 10:33:57.2977,,e48e6a33-ffa5-4b0c-bdb3-147db5063f4c,1,1,1
217,2024-11-18 13:36:42,568.46,"","",2024-11-25 10:38:53.046687,2024-11-25 10:38:53.046687,,e48e6a33-ffa5-4b0c-bdb3-147db5063f4c,2,2,1
218,2024-11-18 13:54:20,440.80,"","",2024-11-25 10:54:52.853777,2024-11-25 10:54:52.853777,,e48e6a33-ffa5-4b0c-bdb3-147db5063f4c,9,10,1
219,2024-11-19 13:57:34,243.10,"",EMPRESTIMO,2024-11-25 10:59:56.225032,2024-11-25 10:59:56.225032,,e48e6a33-ffa5-4b0c-bdb3-147db5063f4c,9,10,1
220,2024-11-19 14:00:38,27.08,"","",2024-11-25 11:03:20.967594,2024-11-25 11:03:20.967594,,e48e6a33-ffa5-4b0c-bdb3-147db5063f4c,5,2,1
221,2024-11-19 14:03:28,24.67,"","",2024-11-25 11:04:21.716589,2024-11-25 11:04:21.716589,,e48e6a33-ffa5-4b0c-bdb3-147db5063f4c,2,2,1
223,2024-11-20 21:20:08,35.14,"","",2024-11-25 11:06:13.083588,2024-11-25 11:06:13.083588,,e48e6a33-ffa5-4b0c-bdb3-147db5063f4c,1,5,1
222,2024-11-19 21:20:08,35.14,"","",2024-11-25 11:05:42.056593,2024-11-25 11:06:24.197588,,e48e6a33-ffa5-4b0c-bdb3-147db5063f4c,1,5,1
224,2024-11-21 03:20:08,35.14,"","",2024-11-25 11:06:32.426592,2024-11-25 11:07:02.2486,,e48e6a33-ffa5-4b0c-bdb3-147db5063f4c,1,5,1
225,2024-11-21 18:33:51,10.53,"","",2024-11-25 11:07:25.318599,2024-11-25 11:07:25.319592,,e48e6a33-ffa5-4b0c-bdb3-147db5063f4c,4,6,1
226,2024-11-21 14:07:35,249.58,"","",2024-11-25 11:11:26.086596,2024-11-25 11:11:26.086596,,e48e6a33-ffa5-4b0c-bdb3-147db5063f4c,1,1,1
227,2024-11-21 14:11:38,355.86,"","",2024-11-25 11:12:13.29459,2024-11-25 11:12:13.29459,,e48e6a33-ffa5-4b0c-bdb3-147db5063f4c,6,9,1
228,2024-11-22 06:20:08,35.14,"","",2024-11-25 11:12:43.984597,2024-11-25 11:12:43.984597,,e48e6a33-ffa5-4b0c-bdb3-147db5063f4c,1,5,1
229,2024-11-22 14:12:46,20.00,"","",2024-11-25 11:13:08.121593,2024-11-25 11:13:08.121593,,e48e6a33-ffa5-4b0c-bdb3-147db5063f4c,2,2,1
230,2024-11-22 21:33:51,10.53,"","",2024-11-25 11:13:29.255592,2024-11-25 11:13:29.255592,,e48e6a33-ffa5-4b0c-bdb3-147db5063f4c,4,6,1
231,2024-11-22 14:14:02,157.00,"","",2024-11-25 11:15:30.572621,2024-11-25 11:15:30.573588,,e48e6a33-ffa5-4b0c-bdb3-147db5063f4c,1,1,1
232,2024-11-25 09:20:08,35.14,"","",2024-11-25 11:16:31.137591,2024-11-25 11:16:31.137591,,e48e6a33-ffa5-4b0c-bdb3-147db5063f4c,1,5,1
233,2024-11-25 14:16:33.473,99.57,"","",2024-11-25 11:18:28.415588,2024-11-25 11:18:28.415588,,e48e6a33-ffa5-4b0c-bdb3-147db5063f4c,1,1,1
234,2024-11-25 14:18:42.928,7.08,"","",2024-11-25 11:19:06.850637,2024-11-25 11:19:06.850637,,e48e6a33-ffa5-4b0c-bdb3-147db5063f4c,8,8,1
235,2024-11-25 03:33:51,10.53,"","",2024-11-25 11:20:11.280063,2024-12-05 10:20:40.320422,,e48e6a33-ffa5-4b0c-bdb3-147db5063f4c,4,6,1
236,2024-11-25 16:21:02,7.08,"","",2024-12-05 10:22:31.887424,2024-12-05 10:23:07.733429,,e48e6a33-ffa5-4b0c-bdb3-147db5063f4c,2,2,1
1,2024-06-28 19:02:26,19.20,"","",2024-07-04 16:06:52.482443,2024-07-04 16:06:52.482443,,e48e6a33-ffa5-4b0c-bdb3-147db5063f4c,1,1,1
2,2024-06-28 19:10:03,35.14,"","",2024-07-04 16:12:15.070369,2024-07-04 16:12:15.070369,,e48e6a33-ffa5-4b0c-bdb3-147db5063f4c,1,5,1
64,2024-07-20 03:53:20,35.14,"",Serviço de transfer,2024-07-23 16:07:26.942127,2024-07-23 16:24:29.484869,,e48e6a33-ffa5-4b0c-bdb3-147db5063f4c,1,5,1
4,2024-06-28 19:40:43,10.00,"","",2024-07-04 16:41:16.65353,2024-07-04 16:41:16.65353,,e48e6a33-ffa5-4b0c-bdb3-147db5063f4c,4,3,1
237,2024-11-25 19:39:46,17.57,"","",2024-12-05 10:25:58.465427,2024-12-05 10:25:58.465427,,e48e6a33-ffa5-4b0c-bdb3-147db5063f4c,5,7,1
238,2024-11-26 22:39:46,17.57,"","",2024-12-05 10:27:36.106427,2024-12-05 10:27:36.106427,,e48e6a33-ffa5-4b0c-bdb3-147db5063f4c,5,7,1
239,2024-11-26 13:27:41,1315.24,"","",2024-12-05 10:31:52.224424,2024-12-05 10:31:52.224424,,e48e6a33-ffa5-4b0c-bdb3-147db5063f4c,5,4,1
240,2024-11-26 12:20:08,35.14,"","",2024-12-05 10:32:58.157421,2024-12-05 10:32:58.157421,,e48e6a33-ffa5-4b0c-bdb3-147db5063f4c,1,5,1
241,2024-11-26 13:33:05,505.08,"","",2024-12-05 10:55:19.080659,2024-12-05 10:55:19.080659,,e48e6a33-ffa5-4b0c-bdb3-147db5063f4c,2,2,1
243,2024-11-26 06:33:51,10.53,"","",2024-12-05 10:58:48.665624,2024-12-05 10:58:48.665624,,e48e6a33-ffa5-4b0c-bdb3-147db5063f4c,4,6,1
244,2024-11-26 13:58:57,15.40,"","",2024-12-05 11:01:20.516613,2024-12-05 11:01:20.516613,,e48e6a33-ffa5-4b0c-bdb3-147db5063f4c,4,3,1
245,2024-11-27 15:20:08,35.14,"","",2024-12-05 11:02:35.788622,2024-12-05 11:02:35.788622,,e48e6a33-ffa5-4b0c-bdb3-147db5063f4c,1,5,1
246,2024-11-27 14:03:53,78.50,"","",2024-12-05 11:10:28.596907,2024-12-05 11:10:28.596907,,e48e6a33-ffa5-4b0c-bdb3-147db5063f4c,5,3,1
247,2024-11-27 14:12:23,415.28,"","",2024-12-05 11:14:13.8569,2024-12-05 11:14:13.8569,,e48e6a33-ffa5-4b0c-bdb3-147db5063f4c,5,4,1
248,2024-11-27 14:15:23,92.50,"","",2024-12-05 11:17:20.644905,2024-12-05 11:17:20.644905,,e48e6a33-ffa5-4b0c-bdb3-147db5063f4c,2,2,1
249,2024-11-28 18:20:08,35.14,"","",2024-12-05 11:17:39.919901,2024-12-05 11:17:39.919901,,e48e6a33-ffa5-4b0c-bdb3-147db5063f4c,1,5,1
250,2024-11-28 14:17:43,119.88,"","",2024-12-05 11:20:46.786903,2024-12-05 11:20:46.786903,,e48e6a33-ffa5-4b0c-bdb3-147db5063f4c,5,4,1
251,2024-11-28 14:21:03,14.19,"","",2024-12-05 11:22:00.53903,2024-12-05 11:22:00.53903,,e48e6a33-ffa5-4b0c-bdb3-147db5063f4c,2,2,1
252,2024-11-29 21:20:08,35.14,"","",2024-12-05 11:23:07.548024,2024-12-05 11:23:07.548024,,e48e6a33-ffa5-4b0c-bdb3-147db5063f4c,1,5,1
253,2024-11-29 14:23:12,884.56,"","",2024-12-05 11:23:48.888025,2024-12-05 11:23:48.888025,,e48e6a33-ffa5-4b0c-bdb3-147db5063f4c,5,4,1
254,2024-11-29 09:33:51,10.53,"","",2024-12-05 11:24:39.950023,2024-12-05 11:24:39.950023,,e48e6a33-ffa5-4b0c-bdb3-147db5063f4c,4,6,1
255,2024-11-29 14:24:43,7.08,"","",2024-12-05 11:26:09.673028,2024-12-05 11:26:09.673028,,e48e6a33-ffa5-4b0c-bdb3-147db5063f4c,4,3,1
256,2024-11-29 14:36:52,94.15,"","",2024-12-05 11:40:49.334143,2024-12-05 11:40:49.334143,,e48e6a33-ffa5-4b0c-bdb3-147db5063f4c,1,1,1
242,2024-11-26 16:55:36,21.08,"","",2024-12-05 10:56:48.516619,2024-12-05 14:10:54.969292,,e48e6a33-ffa5-4b0c-bdb3-147db5063f4c,1,1,1
257,2024-11-26 20:31:01,178.40,"","",2024-12-05 17:31:35.939292,2024-12-05 17:31:35.939292,,e48e6a33-ffa5-4b0c-bdb3-147db5063f4c,9,10,1
258,2024-11-19 23:47:48,54.80,"","",2024-12-05 17:49:52.013672,2024-12-05 17:56:23.209235,,e48e6a33-ffa5-4b0c-bdb3-147db5063f4c,1,1,1
260,2024-12-02 12:33:51,10.53,"","",2024-12-06 14:12:47.647102,2024-12-06 14:12:47.647102,,e48e6a33-ffa5-4b0c-bdb3-147db5063f4c,4,6,1
261,2024-12-02 17:13:11,469.28,"","",2024-12-06 14:13:58.884094,2024-12-06 14:13:58.884094,,e48e6a33-ffa5-4b0c-bdb3-147db5063f4c,3,4,1
259,2024-12-02 03:20:08,35.14,"","",2024-12-06 14:12:30.478087,2024-12-06 14:14:51.897096,,e48e6a33-ffa5-4b0c-bdb3-147db5063f4c,1,5,1
262,2024-12-02 17:14:55,276.32,"","",2024-12-06 14:17:38.783092,2024-12-06 14:17:38.783092,,e48e6a33-ffa5-4b0c-bdb3-147db5063f4c,2,2,1
263,2024-12-03 17:26:03,703.60,"","",2024-12-06 14:39:11.307101,2024-12-06 14:39:11.307101,,e48e6a33-ffa5-4b0c-bdb3-147db5063f4c,9,10,1
264,2024-12-03 17:42:06,989.82,"","",2024-12-06 14:46:26.755099,2024-12-06 14:46:26.756103,,e48e6a33-ffa5-4b0c-bdb3-147db5063f4c,2,2,1
265,2024-12-03 06:20:08,35.14,"","",2024-12-06 14:51:09.004101,2024-12-06 14:51:09.004101,,e48e6a33-ffa5-4b0c-bdb3-147db5063f4c,1,5,1
266,2024-12-03 17:51:12,437.62,"","",2024-12-06 14:58:19.784331,2024-12-06 14:58:19.784331,,e48e6a33-ffa5-4b0c-bdb3-147db5063f4c,1,1,1
267,2024-12-03 15:33:51,10.53,"","",2024-12-06 14:58:48.25233,2024-12-06 14:58:48.25233,,e48e6a33-ffa5-4b0c-bdb3-147db5063f4c,4,6,1
268,2024-12-03 17:58:55,183.90,"","",2024-12-06 14:59:57.267328,2024-12-06 14:59:57.267328,,e48e6a33-ffa5-4b0c-bdb3-147db5063f4c,4,3,1
269,2024-12-04 09:20:08,35.14,"","",2024-12-06 15:00:48.927334,2024-12-06 15:00:48.928339,,e48e6a33-ffa5-4b0c-bdb3-147db5063f4c,1,5,1
270,2024-12-05 01:39:46,17.57,"","",2024-12-06 15:01:22.343343,2024-12-06 15:01:22.343343,,e48e6a33-ffa5-4b0c-bdb3-147db5063f4c,5,7,1
271,2024-12-04 18:01:25,4.80,"","",2024-12-06 15:02:09.229335,2024-12-06 15:02:09.229335,,e48e6a33-ffa5-4b0c-bdb3-147db5063f4c,5,4,1
272,2024-12-04 18:33:51,10.53,"","",2024-12-06 15:03:11.126329,2024-12-06 15:03:11.126329,,e48e6a33-ffa5-4b0c-bdb3-147db5063f4c,4,6,1
274,2024-12-05 18:04:51,328.19,"","",2024-12-06 15:06:39.209333,2024-12-06 15:06:39.209333,,e48e6a33-ffa5-4b0c-bdb3-147db5063f4c,2,2,1
273,2024-12-05 12:20:08,35.14,"","",2024-12-06 15:04:48.442335,2024-12-06 15:04:48.442335,,e48e6a33-ffa5-4b0c-bdb3-147db5063f4c,1,5,1
275,2024-12-06 18:06:59.159,367.20,"","",2024-12-06 15:07:42.087337,2024-12-06 15:07:42.087337,,e48e6a33-ffa5-4b0c-bdb3-147db5063f4c,6,9,1
276,2024-12-06 04:39:46,17.57,"","",2024-12-06 15:08:39.291328,2024-12-06 15:08:39.291328,,e48e6a33-ffa5-4b0c-bdb3-147db5063f4c,5,7,1
277,2024-12-06 18:08:47.952,26.62,"","",2024-12-06 15:11:21.07433,2024-12-06 15:11:21.07433,,e48e6a33-ffa5-4b0c-bdb3-147db5063f4c,5,4,1
278,2024-12-06 18:11:41.569,273.09,"","",2024-12-06 15:13:24.206339,2024-12-06 15:13:24.206339,,e48e6a33-ffa5-4b0c-bdb3-147db5063f4c,2,2,1
279,2024-12-09 15:20:08,35.14,"","",2024-12-13 09:31:00.490886,2024-12-13 09:31:00.490886,,e48e6a33-ffa5-4b0c-bdb3-147db5063f4c,1,5,1
281,2024-12-09 07:39:46,17.57,"","",2024-12-13 09:31:40.407872,2024-12-13 09:31:40.407872,,e48e6a33-ffa5-4b0c-bdb3-147db5063f4c,5,7,1
282,2024-12-09 12:31:53,96.92,"","",2024-12-13 09:32:39.332882,2024-12-13 09:32:39.332882,,e48e6a33-ffa5-4b0c-bdb3-147db5063f4c,2,2,1
283,2024-12-09 12:32:50,37.21,"","",2024-12-13 09:39:58.938525,2024-12-13 09:39:58.938525,,e48e6a33-ffa5-4b0c-bdb3-147db5063f4c,1,1,1
284,2024-12-09 21:33:51,10.53,"","",2024-12-13 09:41:02.85954,2024-12-13 09:41:02.85954,,e48e6a33-ffa5-4b0c-bdb3-147db5063f4c,4,6,1
285,2024-12-09 12:41:22,16.00,"","",2024-12-13 09:41:45.067532,2024-12-13 09:41:45.067532,,e48e6a33-ffa5-4b0c-bdb3-147db5063f4c,8,8,1
287,2024-12-10 18:20:08,35.14,"","",2024-12-13 09:42:34.978538,2024-12-13 09:42:34.978538,,e48e6a33-ffa5-4b0c-bdb3-147db5063f4c,1,5,1
288,2024-12-10 12:42:41,314.00,"","",2024-12-13 09:43:43.165531,2024-12-13 09:43:43.165531,,e48e6a33-ffa5-4b0c-bdb3-147db5063f4c,1,1,1
383,2025-01-22 03:00:00,314.00,"","",2025-02-06 11:51:16.172284,2025-02-06 11:51:16.172284,,e48e6a33-ffa5-4b0c-bdb3-147db5063f4c,1,1,1
289,2024-12-10 12:46:03,386.02,"","",2024-12-13 09:48:27.101532,2024-12-13 09:48:27.101532,,e48e6a33-ffa5-4b0c-bdb3-147db5063f4c,2,2,1
290,2024-12-10 12:48:31,4.80,"","",2024-12-13 09:49:08.134534,2024-12-13 09:49:08.134534,,e48e6a33-ffa5-4b0c-bdb3-147db5063f4c,5,4,1
291,2024-12-10 10:39:46,17.57,"","",2024-12-13 09:49:16.494533,2024-12-13 09:49:16.494533,,e48e6a33-ffa5-4b0c-bdb3-147db5063f4c,5,7,1
292,2024-12-10 12:49:25,703.60,"","",2024-12-13 09:50:47.530529,2024-12-13 09:50:47.530529,,e48e6a33-ffa5-4b0c-bdb3-147db5063f4c,9,10,1
293,2024-12-11 21:20:08,35.14,"","",2024-12-13 09:51:26.474574,2024-12-13 09:51:26.474574,,e48e6a33-ffa5-4b0c-bdb3-147db5063f4c,1,5,1
294,2024-12-11 12:51:38,212.26,"","",2024-12-13 09:52:38.77253,2024-12-13 09:52:38.77253,,e48e6a33-ffa5-4b0c-bdb3-147db5063f4c,5,4,1
295,2024-12-13 12:53:22.259,352.35,"","",2024-12-13 09:53:43.946533,2024-12-13 09:53:43.946533,,e48e6a33-ffa5-4b0c-bdb3-147db5063f4c,6,9,1
286,2024-12-10 03:33:51,10.53,"","",2024-12-13 09:42:22.088525,2024-12-13 09:54:32.147525,,e48e6a33-ffa5-4b0c-bdb3-147db5063f4c,4,6,1
296,2024-12-11 06:33:51,10.53,"","",2024-12-13 09:54:42.727535,2024-12-13 09:54:42.727535,,e48e6a33-ffa5-4b0c-bdb3-147db5063f4c,4,6,1
297,2024-12-11 12:55:06,78.50,"","",2024-12-13 09:56:23.26353,2024-12-13 09:56:23.26353,,e48e6a33-ffa5-4b0c-bdb3-147db5063f4c,4,3,1
298,2024-12-11 12:56:34,4.40,"","",2024-12-13 09:57:32.549527,2024-12-13 09:57:32.549527,,e48e6a33-ffa5-4b0c-bdb3-147db5063f4c,1,1,1
300,2024-12-12 13:00:18,188.60,"","",2024-12-13 10:01:52.088531,2024-12-13 10:01:52.088531,,e48e6a33-ffa5-4b0c-bdb3-147db5063f4c,2,2,1
301,2024-12-12 13:02:27,16.00,"","",2024-12-13 10:02:55.459529,2024-12-13 10:02:55.459529,,e48e6a33-ffa5-4b0c-bdb3-147db5063f4c,7,8,1
302,2024-12-13 03:20:08,35.14,"","",2024-12-13 10:03:11.363531,2024-12-13 10:03:11.363531,,e48e6a33-ffa5-4b0c-bdb3-147db5063f4c,1,5,1
299,2024-12-12 03:20:08,35.14,"","",2024-12-13 10:00:14.620529,2024-12-13 10:03:20.314528,,e48e6a33-ffa5-4b0c-bdb3-147db5063f4c,1,5,1
303,2024-12-13 09:33:51,10.53,"","",2024-12-13 10:03:35.383524,2024-12-13 10:03:35.383524,,e48e6a33-ffa5-4b0c-bdb3-147db5063f4c,4,6,1
304,2024-12-13 12:40:40,265.32,"","",2025-01-20 09:42:24.036419,2025-01-20 09:42:24.036419,,e48e6a33-ffa5-4b0c-bdb3-147db5063f4c,1,1,1
305,2024-12-13 12:44:16,163.99,"","",2025-01-20 09:45:30.261413,2025-01-20 09:45:30.261413,,e48e6a33-ffa5-4b0c-bdb3-147db5063f4c,2,2,1
306,2024-12-16 15:33:51,10.53,"","",2025-01-20 09:46:02.702418,2025-01-20 09:46:09.747413,,e48e6a33-ffa5-4b0c-bdb3-147db5063f4c,4,6,1
307,2024-12-16 15:46:17,4.40,"","",2025-01-20 09:46:32.796411,2025-01-20 09:47:11.337417,,e48e6a33-ffa5-4b0c-bdb3-147db5063f4c,4,3,1
308,2024-12-16 06:20:08,35.14,"","",2025-01-20 09:47:29.551414,2025-01-20 09:47:29.551414,,e48e6a33-ffa5-4b0c-bdb3-147db5063f4c,1,5,1
309,2024-12-16 15:47:38,11.22,"","",2025-01-20 09:47:55.420414,2025-01-20 09:48:06.491417,,e48e6a33-ffa5-4b0c-bdb3-147db5063f4c,7,8,1
310,2024-12-17 09:20:08,35.14,"","",2025-01-20 09:48:57.617416,2025-01-20 09:48:57.617416,,e48e6a33-ffa5-4b0c-bdb3-147db5063f4c,1,5,1
311,2024-12-17 12:48:59,666.22,"","",2025-01-20 09:51:29.300417,2025-01-20 09:51:29.300417,,e48e6a33-ffa5-4b0c-bdb3-147db5063f4c,2,2,1
312,2024-12-17 18:33:51,10.53,"","",2025-01-20 09:52:01.938412,2025-01-20 09:52:01.938412,,e48e6a33-ffa5-4b0c-bdb3-147db5063f4c,4,6,1
314,2024-12-17 15:59:32,703.60,"","",2025-01-20 10:07:26.178298,2025-01-20 10:07:40.887299,,e48e6a33-ffa5-4b0c-bdb3-147db5063f4c,9,10,1
313,2024-12-17 15:52:34,21.82,"","",2025-01-20 09:57:48.462298,2025-01-20 10:07:56.531296,,e48e6a33-ffa5-4b0c-bdb3-147db5063f4c,4,3,1
315,2025-01-20 13:12:50.726,42.60,"","",2025-01-20 10:14:25.906806,2025-01-20 10:14:25.906806,,e48e6a33-ffa5-4b0c-bdb3-147db5063f4c,12,13,1
316,2024-12-18 15:20:08,35.14,"","",2025-01-20 10:15:44.637808,2025-01-20 10:15:51.275809,,e48e6a33-ffa5-4b0c-bdb3-147db5063f4c,1,5,1
317,2024-12-18 13:17:56,32.41,"","",2025-01-20 10:19:07.395812,2025-01-20 10:19:07.395812,,e48e6a33-ffa5-4b0c-bdb3-147db5063f4c,1,1,1
318,2024-12-18 13:19:38,85.49,"","",2025-01-20 10:25:34.722805,2025-01-20 10:25:34.722805,,e48e6a33-ffa5-4b0c-bdb3-147db5063f4c,4,3,1
319,2024-12-19 18:20:08,35.14,"","",2025-01-20 10:26:58.75381,2025-01-20 10:26:58.75381,,e48e6a33-ffa5-4b0c-bdb3-147db5063f4c,1,5,1
320,2024-12-19 13:27:30,47.82,"","",2025-01-20 10:29:55.800804,2025-01-20 10:29:55.800804,,e48e6a33-ffa5-4b0c-bdb3-147db5063f4c,2,2,1
321,2024-12-19 21:33:51,10.53,"","",2025-01-20 10:31:07.826804,2025-01-20 10:31:07.826804,,e48e6a33-ffa5-4b0c-bdb3-147db5063f4c,4,6,1
322,2024-12-19 13:31:29,11.79,"","",2025-01-20 10:32:49.396807,2025-01-20 10:32:49.396807,,e48e6a33-ffa5-4b0c-bdb3-147db5063f4c,4,3,1
323,2024-12-20 13:33:04,20.00,"","",2025-01-20 10:33:34.985807,2025-01-20 10:33:34.985807,,e48e6a33-ffa5-4b0c-bdb3-147db5063f4c,1,1,1
324,2024-12-20 21:20:08,35.14,"","",2025-01-20 10:34:17.364806,2025-01-20 10:34:17.364806,,e48e6a33-ffa5-4b0c-bdb3-147db5063f4c,1,5,1
325,2024-12-20 03:33:51,10.53,"","",2025-01-20 10:37:01.809516,2025-01-20 10:39:06.639519,,e48e6a33-ffa5-4b0c-bdb3-147db5063f4c,4,6,1
326,2024-12-20 13:39:20,50.00,"","",2025-01-20 10:39:58.638523,2025-01-20 10:39:58.638523,,e48e6a33-ffa5-4b0c-bdb3-147db5063f4c,4,3,1
327,2024-12-20 13:40:14,50.00,"","",2025-01-20 10:40:41.812521,2025-01-20 10:40:41.812521,,e48e6a33-ffa5-4b0c-bdb3-147db5063f4c,5,4,1
328,2024-12-20 13:40:57,16.02,"","",2025-01-20 10:41:36.49652,2025-01-20 10:41:36.49652,,e48e6a33-ffa5-4b0c-bdb3-147db5063f4c,2,2,1
329,2025-01-07 06:00:00,105.43,"",LAVAGEM DA BANHEIRA,2025-02-06 09:45:45.331585,2025-02-06 09:45:53.031626,,e48e6a33-ffa5-4b0c-bdb3-147db5063f4c,1,5,1
330,2025-01-07 03:00:00,350.81,"","",2025-02-06 09:49:05.19058,2025-02-06 09:49:05.19058,,e48e6a33-ffa5-4b0c-bdb3-147db5063f4c,1,1,1
331,2025-01-07 03:00:00,219.64,"","",2025-02-06 09:51:53.171384,2025-02-06 09:51:53.171384,,e48e6a33-ffa5-4b0c-bdb3-147db5063f4c,2,2,1
332,2025-01-07 03:00:00,14.08,"","",2025-02-06 09:53:27.601383,2025-02-06 09:53:27.601383,,e48e6a33-ffa5-4b0c-bdb3-147db5063f4c,4,6,1
333,2025-01-07 03:00:00,11.22,"","",2025-02-06 09:53:55.86539,2025-02-06 09:53:55.86539,,e48e6a33-ffa5-4b0c-bdb3-147db5063f4c,4,3,1
334,2025-01-07 03:00:00,10.53,"","",2025-02-06 09:55:18.77239,2025-02-06 09:55:18.77239,,e48e6a33-ffa5-4b0c-bdb3-147db5063f4c,4,3,1
335,2025-01-08 03:00:00,35.14,"","",2025-02-06 09:56:13.34139,2025-02-06 09:56:13.34139,,e48e6a33-ffa5-4b0c-bdb3-147db5063f4c,1,5,1
336,2025-01-09 03:00:00,198.68,"","",2025-02-06 09:58:05.967395,2025-02-06 09:58:05.967395,,e48e6a33-ffa5-4b0c-bdb3-147db5063f4c,2,2,1
337,2025-01-09 03:00:00,27.61,"","",2025-02-06 10:03:30.608431,2025-02-06 10:03:30.608431,,e48e6a33-ffa5-4b0c-bdb3-147db5063f4c,1,1,1
338,2025-01-09 06:00:00,105.43,"",LAVAGEM DA BANHEIRA,2025-02-06 10:21:08.858929,2025-02-06 10:21:43.18293,,e48e6a33-ffa5-4b0c-bdb3-147db5063f4c,5,7,1
339,2025-01-09 06:00:00,35.14,"","",2025-02-06 10:22:13.08293,2025-02-06 10:22:13.08293,,e48e6a33-ffa5-4b0c-bdb3-147db5063f4c,1,5,1
340,2025-01-09 03:00:00,10.53,"","",2025-02-06 10:23:36.550928,2025-02-06 10:23:36.550928,,e48e6a33-ffa5-4b0c-bdb3-147db5063f4c,4,6,1
341,2025-01-09 03:00:00,2.40,"","",2025-02-06 10:24:20.193924,2025-02-06 10:24:20.193924,,e48e6a33-ffa5-4b0c-bdb3-147db5063f4c,4,3,1
342,2025-01-10 09:00:00,35.14,"","",2025-02-06 10:24:49.994925,2025-02-06 10:24:49.994925,,e48e6a33-ffa5-4b0c-bdb3-147db5063f4c,1,5,1
343,2025-01-10 03:00:00,11.22,"","",2025-02-06 10:27:29.380935,2025-02-06 10:27:29.380935,,e48e6a33-ffa5-4b0c-bdb3-147db5063f4c,13,14,1
344,2025-01-13 03:00:00,11.22,"","",2025-02-06 10:30:19.335932,2025-02-06 10:30:19.335932,,e48e6a33-ffa5-4b0c-bdb3-147db5063f4c,7,8,1
345,2025-01-13 06:00:00,10.53,"","",2025-02-06 10:32:08.277931,2025-02-06 10:32:08.277931,,e48e6a33-ffa5-4b0c-bdb3-147db5063f4c,4,6,1
346,2025-01-13 03:00:00,6.80,"","",2025-02-06 10:33:23.868929,2025-02-06 10:33:23.868929,,e48e6a33-ffa5-4b0c-bdb3-147db5063f4c,4,3,1
347,2025-01-13 03:00:00,184.82,"","",2025-02-06 10:39:23.941929,2025-02-06 10:39:23.941929,,e48e6a33-ffa5-4b0c-bdb3-147db5063f4c,2,2,1
348,2025-01-13 03:00:00,346.62,"","",2025-02-06 10:41:52.691928,2025-02-06 10:41:52.691928,,e48e6a33-ffa5-4b0c-bdb3-147db5063f4c,1,1,1
349,2025-01-13 03:00:00,71.82,"","",2025-02-06 10:44:08.151927,2025-02-06 10:44:08.151927,,e48e6a33-ffa5-4b0c-bdb3-147db5063f4c,5,4,1
350,2025-01-14 12:00:00,35.14,"","",2025-02-06 10:45:22.634935,2025-02-06 10:45:22.634935,,e48e6a33-ffa5-4b0c-bdb3-147db5063f4c,1,5,1
351,2025-01-13 15:00:00,35.14,"","",2025-02-06 10:46:05.544928,2025-02-06 10:46:05.544928,,e48e6a33-ffa5-4b0c-bdb3-147db5063f4c,1,5,1
352,2025-01-15 15:00:00,35.14,"","",2025-02-06 10:49:21.871931,2025-02-06 10:49:21.871931,,e48e6a33-ffa5-4b0c-bdb3-147db5063f4c,1,5,1
353,2025-01-16 18:00:00,35.14,"","",2025-02-06 10:49:39.434931,2025-02-06 10:49:39.434931,,e48e6a33-ffa5-4b0c-bdb3-147db5063f4c,1,5,1
354,2025-01-17 21:00:00,35.14,"","",2025-02-06 10:49:46.814928,2025-02-06 10:49:46.814928,,e48e6a33-ffa5-4b0c-bdb3-147db5063f4c,1,5,1
355,2025-01-21 00:00:00,35.14,"","",2025-02-06 10:49:54.546937,2025-02-06 10:49:54.546937,,e48e6a33-ffa5-4b0c-bdb3-147db5063f4c,1,5,1
356,2025-01-20 03:00:00,35.14,"","",2025-02-06 10:50:13.547926,2025-02-06 10:50:13.547926,,e48e6a33-ffa5-4b0c-bdb3-147db5063f4c,1,5,1
357,2025-01-22 03:00:00,35.14,"","",2025-02-06 10:50:26.859934,2025-02-06 10:50:26.860936,,e48e6a33-ffa5-4b0c-bdb3-147db5063f4c,1,5,1
358,2025-01-23 06:00:00,35.14,"","",2025-02-06 10:50:33.464926,2025-02-06 10:50:33.464926,,e48e6a33-ffa5-4b0c-bdb3-147db5063f4c,1,5,1
359,2025-01-24 09:00:00,35.14,"","",2025-02-06 10:50:39.719971,2025-02-06 10:50:39.719971,,e48e6a33-ffa5-4b0c-bdb3-147db5063f4c,1,5,1
360,2025-01-28 12:00:00,35.14,"","",2025-02-06 10:50:58.98494,2025-02-06 10:50:58.98494,,e48e6a33-ffa5-4b0c-bdb3-147db5063f4c,1,5,1
361,2025-01-29 15:00:00,35.14,"","",2025-02-06 10:51:19.20893,2025-02-06 10:51:19.20893,,e48e6a33-ffa5-4b0c-bdb3-147db5063f4c,1,5,1
362,2025-01-30 18:00:00,35.14,"","",2025-02-06 10:51:25.157923,2025-02-06 10:51:25.157923,,e48e6a33-ffa5-4b0c-bdb3-147db5063f4c,1,5,1
363,2025-01-31 21:00:00,35.14,"","",2025-02-06 10:51:31.731928,2025-02-06 10:51:31.731928,,e48e6a33-ffa5-4b0c-bdb3-147db5063f4c,1,5,1
364,2025-01-15 03:00:00,377.49,"","",2025-02-06 10:59:10.151927,2025-02-06 10:59:10.151927,,e48e6a33-ffa5-4b0c-bdb3-147db5063f4c,2,2,1
366,2025-01-15 03:00:00,108.54,"","",2025-02-06 11:02:07.433729,2025-02-06 11:02:07.433729,,e48e6a33-ffa5-4b0c-bdb3-147db5063f4c,4,3,1
367,2025-01-15 03:00:00,68.42,"","",2025-02-06 11:03:54.952725,2025-02-06 11:03:54.952725,,e48e6a33-ffa5-4b0c-bdb3-147db5063f4c,1,1,1
368,2025-01-16 12:00:00,10.53,"","",2025-02-06 11:04:16.893725,2025-02-06 11:04:16.893725,,e48e6a33-ffa5-4b0c-bdb3-147db5063f4c,4,6,1
372,2025-01-17 03:00:00,492.06,"","",2025-02-06 11:09:23.516719,2025-02-06 11:09:23.516719,,e48e6a33-ffa5-4b0c-bdb3-147db5063f4c,2,2,1
373,2025-01-17 09:00:00,17.57,"","",2025-02-06 11:10:12.716772,2025-02-06 11:10:12.716772,,e48e6a33-ffa5-4b0c-bdb3-147db5063f4c,5,7,1
365,2025-01-15 09:00:00,10.53,"","",2025-02-06 10:59:44.030936,2025-02-06 10:59:44.030936,,e48e6a33-ffa5-4b0c-bdb3-147db5063f4c,4,6,1
369,2025-01-16 03:00:00,26.90,"","",2025-02-06 11:04:36.131721,2025-02-06 11:04:36.131721,,e48e6a33-ffa5-4b0c-bdb3-147db5063f4c,4,3,1
370,2025-01-16 03:00:00,10.22,"","",2025-02-06 11:06:16.64072,2025-02-06 11:06:16.64072,,e48e6a33-ffa5-4b0c-bdb3-147db5063f4c,12,13,1
371,2025-01-17 15:00:00,10.53,"","",2025-02-06 11:07:11.620726,2025-02-06 11:07:11.620726,,e48e6a33-ffa5-4b0c-bdb3-147db5063f4c,4,6,1
374,2025-01-17 03:00:00,4.80,"","",2025-02-06 11:10:39.621786,2025-02-06 11:10:39.621786,,e48e6a33-ffa5-4b0c-bdb3-147db5063f4c,5,4,1
375,2025-01-20 03:00:00,282.91,"","",2025-02-06 11:35:07.863283,2025-02-06 11:35:07.863283,,e48e6a33-ffa5-4b0c-bdb3-147db5063f4c,1,1,1
376,2025-01-20 03:00:00,11.22,"","",2025-02-06 11:37:18.353289,2025-02-06 11:37:18.353289,,e48e6a33-ffa5-4b0c-bdb3-147db5063f4c,4,3,1
377,2025-01-20 18:00:00,10.53,"","",2025-02-06 11:41:11.086285,2025-02-06 11:41:11.086285,,e48e6a33-ffa5-4b0c-bdb3-147db5063f4c,4,6,1
378,2025-01-20 03:00:00,614.82,"","",2025-02-06 11:44:27.945283,2025-02-06 11:44:27.945283,,e48e6a33-ffa5-4b0c-bdb3-147db5063f4c,2,2,1
379,2025-01-21 12:00:00,17.57,"","",2025-02-06 11:45:31.870286,2025-02-06 11:45:31.870286,,e48e6a33-ffa5-4b0c-bdb3-147db5063f4c,5,7,1
380,2025-01-21 03:00:00,10.22,"","",2025-02-06 11:46:13.78528,2025-02-06 11:46:13.78528,,e48e6a33-ffa5-4b0c-bdb3-147db5063f4c,12,13,1
381,2025-01-21 03:00:00,78.50,"","",2025-02-06 11:47:48.265288,2025-02-06 11:47:48.265288,,e48e6a33-ffa5-4b0c-bdb3-147db5063f4c,1,1,1
382,2025-01-21 03:00:00,100.89,"","",2025-02-06 11:49:50.725288,2025-02-06 11:49:50.725288,,e48e6a33-ffa5-4b0c-bdb3-147db5063f4c,2,2,1
385,2025-01-24 03:00:00,16.02,"","",2025-02-06 11:55:59.583281,2025-02-06 11:55:59.583281,,e48e6a33-ffa5-4b0c-bdb3-147db5063f4c,5,1,1
386,2025-01-24 03:00:00,38.42,"","",2025-02-06 11:58:07.401281,2025-02-06 11:58:07.401281,,e48e6a33-ffa5-4b0c-bdb3-147db5063f4c,2,2,1
387,2025-01-27 03:00:00,18.42,"","",2025-02-06 13:29:45.446953,2025-02-06 13:29:45.446953,,e48e6a33-ffa5-4b0c-bdb3-147db5063f4c,2,2,1
388,2025-01-27 03:00:00,70.29,"",LAVAGEM DA BANHEIRA,2025-02-06 13:30:36.151953,2025-02-06 13:30:36.152952,,e48e6a33-ffa5-4b0c-bdb3-147db5063f4c,2,5,1
389,2025-01-27 03:00:00,642.94,"","",2025-02-06 13:34:09.199955,2025-02-06 13:34:09.199955,,e48e6a33-ffa5-4b0c-bdb3-147db5063f4c,5,4,1
390,2025-01-27 15:00:00,17.57,"","",2025-02-06 13:34:26.561955,2025-02-06 13:34:26.561955,,e48e6a33-ffa5-4b0c-bdb3-147db5063f4c,5,7,1
391,2025-01-27 18:00:00,10.53,"","",2025-02-06 13:35:00.790955,2025-02-06 13:35:00.790955,,e48e6a33-ffa5-4b0c-bdb3-147db5063f4c,4,6,1
392,2025-01-28 03:00:00,25.21,"","",2025-02-06 13:36:36.626956,2025-02-06 13:36:36.626956,,e48e6a33-ffa5-4b0c-bdb3-147db5063f4c,6,1,1
393,2025-01-28 21:00:00,10.53,"","",2025-02-06 13:36:51.944956,2025-02-06 13:36:51.944956,,e48e6a33-ffa5-4b0c-bdb3-147db5063f4c,4,6,1
394,2025-01-28 03:00:00,35.14,"","",2025-02-06 13:39:25.825999,2025-02-06 13:39:25.825999,,e48e6a33-ffa5-4b0c-bdb3-147db5063f4c,5,7,1
395,2025-01-28 03:00:00,703.60,"","",2025-02-06 13:40:12.141954,2025-02-06 13:40:12.141954,,e48e6a33-ffa5-4b0c-bdb3-147db5063f4c,9,10,1
396,2025-01-29 03:00:00,68.42,"","",2025-02-06 13:41:24.500957,2025-02-06 13:41:24.500957,,e48e6a33-ffa5-4b0c-bdb3-147db5063f4c,1,1,1
397,2025-01-29 18:00:00,17.57,"","",2025-02-06 13:43:27.026957,2025-02-06 13:43:27.026957,,e48e6a33-ffa5-4b0c-bdb3-147db5063f4c,5,7,1
398,2025-01-29 03:00:00,239.44,"","",2025-02-06 13:44:21.55696,2025-02-06 13:44:21.55696,,e48e6a33-ffa5-4b0c-bdb3-147db5063f4c,5,4,1
399,2025-01-29 03:00:00,45.66,"","",2025-02-06 13:46:23.633955,2025-02-06 13:46:23.633955,,e48e6a33-ffa5-4b0c-bdb3-147db5063f4c,2,2,1
400,2025-01-29 03:00:00,8.80,"","",2025-02-06 13:47:34.988949,2025-02-06 13:47:34.988949,,e48e6a33-ffa5-4b0c-bdb3-147db5063f4c,1,1,1
401,2025-01-29 03:00:00,4.40,"","",2025-02-06 13:48:48.377953,2025-02-06 13:48:48.377953,,e48e6a33-ffa5-4b0c-bdb3-147db5063f4c,1,3,1
402,2025-01-31 00:00:00,10.53,"","",2025-02-06 13:49:13.713911,2025-02-06 13:49:13.714926,,e48e6a33-ffa5-4b0c-bdb3-147db5063f4c,4,6,1
403,2025-01-30 03:00:00,157.00,"","",2025-02-06 13:51:13.005679,2025-02-06 13:51:13.005679,,e48e6a33-ffa5-4b0c-bdb3-147db5063f4c,2,2,1
404,2025-01-30 03:00:00,6.99,"","",2025-02-06 13:51:59.40868,2025-02-06 13:51:59.40868,,e48e6a33-ffa5-4b0c-bdb3-147db5063f4c,1,1,1
405,2025-01-30 03:00:00,157.00,"","",2025-02-06 13:53:10.793714,2025-02-06 13:53:10.793714,,e48e6a33-ffa5-4b0c-bdb3-147db5063f4c,4,3,1
406,2025-01-30 03:00:00,16.00,"","",2025-02-06 13:53:54.994688,2025-02-06 13:53:54.994688,,e48e6a33-ffa5-4b0c-bdb3-147db5063f4c,7,8,1
407,2025-01-31 03:00:00,471.72,"","",2025-02-06 13:57:14.67368,2025-02-06 13:57:14.67368,,e48e6a33-ffa5-4b0c-bdb3-147db5063f4c,1,1,1
408,2025-01-31 03:00:00,21.82,"","",2025-02-06 13:58:15.186677,2025-02-06 13:58:15.186677,,e48e6a33-ffa5-4b0c-bdb3-147db5063f4c,4,3,1
409,2025-01-30 03:00:00,10.53,"","",2025-02-06 13:58:33.249681,2025-02-06 13:58:33.249681,,e48e6a33-ffa5-4b0c-bdb3-147db5063f4c,4,6,1
410,2025-01-31 03:00:00,242.70,"","",2025-02-06 14:02:55.701679,2025-02-06 14:02:55.701679,,e48e6a33-ffa5-4b0c-bdb3-147db5063f4c,2,2,1
411,2025-02-03 12:20:08,35.14,"","",2025-02-06 14:30:24.041058,2025-02-06 14:30:24.041058,,e48e6a33-ffa5-4b0c-bdb3-147db5063f4c,1,5,1
412,2025-02-04 15:20:08,35.14,"","",2025-02-06 14:30:49.162011,2025-02-06 14:30:49.162011,,e48e6a33-ffa5-4b0c-bdb3-147db5063f4c,1,5,1
413,2025-02-05 18:20:08,35.14,"","",2025-02-06 14:31:00.058008,2025-02-06 14:31:00.058008,,e48e6a33-ffa5-4b0c-bdb3-147db5063f4c,1,5,1
414,2025-02-06 21:20:08,35.14,"","",2025-02-06 14:31:09.028014,2025-02-06 14:31:09.028014,,e48e6a33-ffa5-4b0c-bdb3-147db5063f4c,1,5,1
415,2025-02-03 06:00:00,10.53,"","",2025-02-06 14:31:37.004007,2025-02-06 14:31:37.004007,,e48e6a33-ffa5-4b0c-bdb3-147db5063f4c,4,6,1
416,2025-02-03 03:00:00,78.50,"","",2025-02-06 14:32:21.067008,2025-02-06 14:32:21.067008,,e48e6a33-ffa5-4b0c-bdb3-147db5063f4c,4,3,1
417,2025-02-03 03:00:00,11.22,"","",2025-02-06 14:32:54.151053,2025-02-06 14:32:54.151053,,e48e6a33-ffa5-4b0c-bdb3-147db5063f4c,7,8,1
418,2025-02-03 03:00:00,123.92,"","",2025-02-06 14:34:40.792007,2025-02-06 14:34:40.793014,,e48e6a33-ffa5-4b0c-bdb3-147db5063f4c,2,2,1
419,2025-02-03 03:00:00,88.50,"","",2025-02-06 14:35:30.423007,2025-02-06 14:35:30.423007,,e48e6a33-ffa5-4b0c-bdb3-147db5063f4c,1,1,1
420,2025-02-03 06:00:00,21.07,"","",2025-02-06 14:36:43.740005,2025-02-06 14:36:43.740005,,e48e6a33-ffa5-4b0c-bdb3-147db5063f4c,5,7,1
421,2025-02-03 03:00:00,239.44,"","",2025-02-06 14:37:53.266005,2025-02-06 14:37:53.266005,,e48e6a33-ffa5-4b0c-bdb3-147db5063f4c,5,4,1
422,2025-02-03 06:00:00,5.61,"","",2025-02-06 14:43:37.400544,2025-02-06 14:43:50.069024,,e48e6a33-ffa5-4b0c-bdb3-147db5063f4c,14,14,1
423,2025-02-04 03:00:00,665.72,"","",2025-02-06 14:54:43.183017,2025-02-06 14:54:43.183017,,e48e6a33-ffa5-4b0c-bdb3-147db5063f4c,5,4,1
424,2025-02-04 09:00:00,10.53,"","",2025-02-06 14:55:43.388062,2025-02-06 14:55:43.388062,,e48e6a33-ffa5-4b0c-bdb3-147db5063f4c,4,6,1
425,2025-02-04 03:00:00,339.42,"","",2025-02-06 14:59:26.501015,2025-02-06 14:59:26.501015,,e48e6a33-ffa5-4b0c-bdb3-147db5063f4c,2,2,1
426,2025-02-05 12:00:00,10.53,"","",2025-02-06 14:59:55.704018,2025-02-06 14:59:55.704018,,e48e6a33-ffa5-4b0c-bdb3-147db5063f4c,4,6,1
427,2025-02-05 03:00:00,346.41,"","",2025-02-06 15:02:08.404063,2025-02-06 15:02:08.404063,,e48e6a33-ffa5-4b0c-bdb3-147db5063f4c,1,1,1
428,2025-02-05 03:00:00,703.60,"","",2025-02-06 15:02:40.046021,2025-02-06 15:02:40.046021,,e48e6a33-ffa5-4b0c-bdb3-147db5063f4c,9,10,1
429,2025-02-06 09:00:00,17.57,"","",2025-02-06 15:03:40.195018,2025-02-06 15:03:40.195018,,e48e6a33-ffa5-4b0c-bdb3-147db5063f4c,5,7,1
430,2025-02-06 03:00:00,674.58,"","",2025-02-06 15:06:23.133401,2025-02-06 15:06:23.133401,,e48e6a33-ffa5-4b0c-bdb3-147db5063f4c,5,4,1
431,2025-02-06 15:00:00,10.53,"","",2025-02-06 15:06:50.2374,2025-02-06 15:06:50.2374,,e48e6a33-ffa5-4b0c-bdb3-147db5063f4c,4,6,1
432,2025-02-06 03:00:00,2.40,"","",2025-02-06 15:07:11.485402,2025-02-06 15:07:11.485402,,e48e6a33-ffa5-4b0c-bdb3-147db5063f4c,4,3,1
433,2025-02-06 03:00:00,395.20,"","",2025-02-06 15:08:22.031405,2025-02-06 15:08:22.031405,,e48e6a33-ffa5-4b0c-bdb3-147db5063f4c,2,2,1
384,2025-01-22 06:00:00,24.52,"","",2025-02-06 11:55:01.679336,2025-02-06 15:13:14.537343,,e48e6a33-ffa5-4b0c-bdb3-147db5063f4c,2,5,1
434,2025-01-22 03:00:00,2.40,"","",2025-02-06 15:13:49.384238,2025-02-06 15:13:49.384238,,e48e6a33-ffa5-4b0c-bdb3-147db5063f4c,2,2,1
